Estación;cp;Año;Mes;Dia;Provincia;Temperatura máxima (ºC);Temperatura mínima (ºC);Temperatura media (ºC);Racha (km/h);Velocidad máxima (km/h);Precipitación 00-24h (mm);Precipitación 00-06h (mm);Precipitación 06-12h (mm);Precipitación 12-18h (mm);Precipitación 18-24h (mm)
Puerto de Navacerrada;28048-28047-28023;2017;9;1;Madrid;0;0;0;0;0;0;0;0;0;0
Aranjuez;28025-28041-28054;2017;9;1;Madrid;30.5 (17:50);15.1 (06:50);22.8;31 (23:59);15 (23:00);0;0;0;0;0
Rascafría;28034-28035-28040;2017;9;1;Madrid;23.5 (16:30);7.4 (23:59);15.5;26 (16:40);10 (15:30);0;0;0;0;0
Buitrago del Lozoya;28003-28045-28044;2017;9;1;Madrid;23.2 (15:50);11.1 (08:10);17.2;37 (23:50);18 (22:50);0;0;0;0;0
Somosierra;28020-28021-28024;2017;9;1;Madrid;19.8 (15:10);9.1 (07:50);14.4;29 (18:00);9 (23:20);0;0;0;0;0
Madrid. El Goloso;28029-28036-28046;2017;9;1;Madrid;25.9 (18:30);14.9 (06:30);20.4;26 (20:10);10 (21:10);0;0;0;0;0
Madrid Aeropuerto;28055-28050-28033;2017;9;1;Madrid;28.6 (17:40);16.3 (07:50);22.4;45 (21:50);29 (21:50);0;0;0;0;0
Alcala de Henares;28022-28027-28037;2017;9;1;Madrid;30.7 (18:10);17.8 (06:10);24.3;38 (23:59);24 (21:50);0;0;0;0;0
Arganda del Rey;28051-28031-28052;2017;9;1;Madrid;25.2 (16:50);13.6 (07:50);19.4;37 (12:50);19 (09:30);0;0;0;0;0
Colmenar Viejo;28039-28038-28032;2017;9;1;Madrid;29.4 (16:00);16.6 (08:00);23;39 (23:40);20 (23:20);0;0;0;0;0
Madrid. Ciudad Universitaria;28011-28013-28005;2017;9;1;Madrid;29.1 (18:40);16.3 (07:50);22.7;0;0;0;0;0;0;0
Pozuelo de Alarcón;28030-28028-28026;2017;9;1;Madrid;28.5 (16:10);17.1 (08:20);22.8;39 (23:20);18 (23:30);0;0;0;0;0
Madrid. Retiro;28001-28004-28009;2017;9;1;Madrid;28.8 (16:20);16.6 (07:40);22.7;0;0;0;0;0;0;0
Tielmes;28002-28003-28043;2017;9;1;Madrid;19.3 (15:40);9.7 (23:50);14.5;37 (14:50);23 (23:59);0;0;0;0;0
Puerto Alto del León;28049-28054-28053;2017;9;1;Madrid;26.2 (13:50);14.2 (06:30);20.2;30 (19:30);18 (19:20);0;0;0;0;0
Alpedrete;28019-28014-28012;2017;9;1;Madrid;27.8 (16:10);15.6 (07:00);21.7;36 (16:00);16 (17:10);0;0;0;0;0
Torrelodones;28018-28010-28008;2017;9;1;Madrid;25.9 (16:30);13.5 (06:30);19.7;0;0;0;0;0;0;0
Rozas de Puerto Real;28017-28007;2017;9;1;Madrid;27.2 (16:50);14.5 (05:50);20.9;0;0;0;0;0;0;0
Robledo de Chavela;28016-28006;2017;9;1;Madrid;26.2 (16:20);15.2 (08:10);20.7;37 (21:30);22 (22:20);0;0;0;0;0
Valdemorillo;28015;2017;9;1;Madrid;25.9 (16:30);13.5 (06:30);19.7;0;0;0;0;0;0;0
Puerto de Navacerrada;28048-28047-28023;2017;9;2;Madrid;19.1 (17:20);6.0 (08:10);12.6;0;0;0;0;0;0;0
Aranjuez;28025-28041-28054;2017;9;2;Madrid;29.8 (18:50);13.8 (07:50);21.8;27 (00:10);13 (00:10);0;0;0;0;0
Rascafría;28034-28035-28040;2017;9;2;Madrid;26.5 (18:10);2.6 (08:10);14.5;17 (16:00);7 (15:30);0;0;0;0;0
Buitrago del Lozoya;28003-28045-28044;2017;9;2;Madrid;25.4 (17:50);6.3 (07:10);15.8;30 (00:10);15 (00:10);0.1;0;0.1;0;0
Somosierra;28020-28021-28024;2017;9;2;Madrid;21.2 (18:20);4.1 (08:00);12.7;24 (04:50);8 (04:40);0;0;0;0;0
San Sebastián de Los Reyes;28029-28036-28046;2017;9;2;Madrid;25.3 (18:40);10.4 (08:10);17.8;27 (00:40);10 (00:10);0;0;0;0;0
Madrid. El Goloso;28055-28050-28033;2017;9;2;Madrid;28.0 (18:50);12.2 (08:00);20.1;41 (00:20);21 (00:10);0;0;0;0;0
Madrid Aeropuerto;28022-28027-28037;2017;9;2;Madrid;29.7 (19:00);13.6 (07:30);21.7;39 (00:10);23 (00:10);0;0;0;0;0
Alcala de Henares;28051-28031-28052;2017;9;2;Madrid;24.7 (18:30);8.2 (07:50);16.5;36 (00:50);17 (04:20);0;0;0;0;0
Arganda del Rey;28039-28038-28032;2017;9;2;Madrid;28.0 (18:40);12.0 (08:10);20;79 (03:10);25 (00:50);0;0;0;0;0
Colmenar Viejo;28011-28013-28005;2017;9;2;Madrid;28.6 (18:50);12.3 (07:40);20.5;0;0;0;0;0;0;0
Madrid. Ciudad Universitaria;28030-28028-28026;2017;9;2;Madrid;27.0 (17:00);13.9 (08:00);20.4;44 (00:50);23 (00:30);0;0;0;0;0
Pozuelo de Alarcón;28001-28004-28009;2017;9;2;Madrid;27.8 (17:10);13.5 (08:00);20.6;0;0;0;0;0;0;0
Madrid. Retiro;28002-28003-28043;2017;9;2;Madrid;21.6 (18:00);6.6 (07:00);14.1;35 (02:50);27 (02:40);0;0;0;0;0
Tielmes;28049-28054-28053;2017;9;2;Madrid;28.2 (18:30);8.9 (07:20);18.6;17 (16:20);9 (00:10);0;0;0;0;0
Puerto Alto del León;28019-28014-28012;2017;9;2;Madrid;28.0 (17:40);9.4 (08:10);18.7;30 (09:00);14 (09:00);0;0;0;0;0
Alpedrete;28018-28010-28008;2017;9;2;Madrid;26.0 (18:00);10.9 (07:30);18.4;0;0;0;0;0;0;0
Rozas de Puerto Real;28017-28007;2017;9;2;Madrid;26.9 (17:20);11.2 (08:20);19;0;0;0;0;0;0;0
Robledo de Chavela;28016-28006;2017;9;2;Madrid;27.1 (17:30);10.7 (08:10);18.9;28 (00:20);17 (00:10);0;0;0;0;0
Valdemorillo;28015;2017;9;2;Madrid;26.9 (17:20);11.2 (08:20);19;0;0;0;0;0;0;0
Puerto de Navacerrada;28048-28047-28023;2017;9;3;Madrid;21.5 (18:00);12.2 (07:20);16.8;0;0;0;0;0;0;0
Aranjuez;28025-28041-28054;2017;9;3;Madrid;32.9 (16:40);12.3 (07:10);22.6;32 (16:10);14 (09:50);0;0;0;0;0
Rascafría;28034-28035-28040;2017;9;3;Madrid;28.3 (16:40);7.0 (04:20);17.6;35 (13:40);14 (13:40);0;0;0;0;0
Buitrago del Lozoya;28003-28045-28044;2017;9;3;Madrid;28.2 (17:00);9.1 (04:10);18.7;29 (16:10);15 (13:00);0;0;0;0;0
Somosierra;28020-28021-28024;2017;9;3;Madrid;25.0 (16:50);10.9 (01:00);17.9;31 (14:40);11 (14:30);0;0;0;0;0
San Sebastián de Los Reyes;28029-28036-28046;2017;9;3;Madrid;29.4 (17:40);12.5 (03:10);20.9;26 (16:40);9 (16:40);0;0;0;0;0
Madrid. El Goloso;28055-28050-28033;2017;9;3;Madrid;31.9 (18:20);14.0 (05:10);22.9;50 (15:50);23 (19:30);0;0;0;0;0
Madrid Aeropuerto;28022-28027-28037;2017;9;3;Madrid;32.7 (18:00);12.8 (05:00);22.8;36 (17:10);20 (20:10);0;0;0;0;0
Alcala de Henares;28051-28031-28052;2017;9;3;Madrid;29.0 (17:40);15.8 (08:30);22.4;36 (16:00);16 (16:00);0;0;0;0;0
Arganda del Rey;28039-28038-28032;2017;9;3;Madrid;32.7 (16:50);13.9 (05:00);23.3;32 (19:50);16 (16:50);0;0;0;0;0
Colmenar Viejo;28011-28013-28005;2017;9;3;Madrid;31.6 (16:40);12.9 (05:10);22.3;0;0;0;0;0;0;0
Madrid. Ciudad Universitaria;28030-28028-28026;2017;9;3;Madrid;31.7 (16:20);17.2 (07:00);24.5;26 (20:30);11 (16:30);0;0;0;0;0
Pozuelo de Alarcón;28001-28004-28009;2017;9;3;Madrid;31.7 (16:30);11.4 (06:00);21.6;0;0;0;0;0;0;0
Madrid. Retiro;28002-28003-28043;2017;9;3;Madrid;24.3 (17:50);12.7 (03:10);18.5;47 (13:00);29 (23:40);0;0;0;0;0
Tielmes;28049-28054-28053;2017;9;3;Madrid;30.3 (17:00);14.9 (02:20);22.6;30 (17:00);19 (23:59);0;0;0;0;0
Puerto Alto del León;28019-28014-28012;2017;9;3;Madrid;31.6 (17:40);15.7 (03:00);23.7;43 (15:40);15 (16:50);0;0;0;0;0
Alpedrete;28018-28010-28008;2017;9;3;Madrid;28.3 (17:40);14.8 (03:00);21.5;0;0;0;0;0;0;0
Rozas de Puerto Real;28017-28007;2017;9;3;Madrid;30.3 (17:00);14.9 (06:20);22.6;0;0;0;0;0;0;0
Robledo de Chavela;28016-28006;2017;9;3;Madrid;30.8 (17:20);16.4 (06:40);23.6;31 (14:20);18 (16:00);0;0;0;0;0
Valdemorillo;28015;2017;9;3;Madrid;30.3 (17:00);14.9 (06:20);22.6;0;0;0;0;0;0;0
Puerto de Navacerrada;28048-28047-28023;2017;9;4;Madrid;0;0;0;0;0;0;0;0;0;
Aranjuez;28025-28041-28054;2017;9;4;Madrid;31.2 (17:50);12.9 (06:30);22.1;23 (15:00);11 (14:00);0;0;0;0;0
Rascafría;28034-28035-28040;2017;9;4;Madrid;26.2 (17:10);11.4 (03:50);18.8;35 (11:20);11 (12:30);0;0;0;0;0
Buitrago del Lozoya;28003-28045-28044;2017;9;4;Madrid;25.1 (17:40);14.3 (08:10);19.7;40 (12:10);19 (05:40);0;0;0;0;0
Somosierra;28020-28021-28024;2017;9;4;Madrid;21.7 (16:40);11.2 (09:20);16.5;26 (10:40);9 (10:40);0;0;0;0;0
Madrid. El Goloso;28029-28036-28046;2017;9;4;Madrid;27.3 (18:40);15.7 (07:50);21.5;30 (01:50);14 (01:50);0;0;0;0;0
Madrid Aeropuerto;28055-28050-28033;2017;9;4;Madrid;30.1 (18:20);15.2 (08:10);22.7;30 (01:00);21 (00:40);0;0;0;0;0
Alcala de Henares;28022-28027-28037;2017;9;4;Madrid;32.1 (17:30);14.7 (08:00);23.4;32 (13:00);14 (17:00);0;0;0;0;0
Arganda del Rey;28051-28031-28052;2017;9;4;Madrid;26.5 (17:10);15.3 (07:10);20.9;34 (02:10);19 (02:00);0;0;0;0;0
Colmenar Viejo;28039-28038-28032;2017;9;4;Madrid;30.1 (18:10);16.9 (08:30);23.5;23 (05:00);12 (02:20);0;0;0;0;0
Madrid. Ciudad Universitaria;28011-28013-28005;2017;9;4;Madrid;30.2 (18:00);17.0 (01:10);23.6;0;0;0;0;0;0;0
Pozuelo de Alarcón;28030-28028-28026;2017;9;4;Madrid;29.5 (16:00);18.6 (08:00);24.1;28 (05:10);12 (01:30);0;0;0;0;0
Madrid. Retiro;28001-28004-28009;2017;9;4;Madrid;29.8 (16:30);11.9 (08:30);20.8;0;0;0;0;0;0;0
Tielmes;28002-28003-28043;2017;9;4;Madrid;21.2 (17:30);10.3 (09:10);15.8;60 (08:20);40 (08:20);0;0;0;0;0
Puerto Alto del León;28049-28054-28053;2017;9;4;Madrid;29.6 (17:30);16.5 (06:50);23.1;42 (02:00);23 (04:00);0;0;0;0;0
Alpedrete;28019-28014-28012;2017;9;4;Madrid;29.8 (16:40);17.3 (06:50);23.5;59 (04:50);29 (09:30);0;0;0;0;0
Torrelodones;28018-28010-28008;2017;9;4;Madrid;27.0 (18:00);14.2 (04:10);20.6;0;0;0;0;0;0;0
Rozas de Puerto Real;28017-28007;2017;9;4;Madrid;29.3 (19:20);17.8 (08:10);23.5;0;0;0;0;0;0;0
Robledo de Chavela;28016-28006;2017;9;4;Madrid;28.9 (17:20);17.5 (08:30);23.2;40 (06:10);22 (06:10);0;0;0;0;0
Valdemorillo;28015;2017;9;4;Madrid;29.3 (19:20);17.8 (08:10);23.5;0;0;0;0;0;0;0
Puerto de Navacerrada;28048-28047-28023;2017;9;5;Madrid;0;0;0;0;0;0;0;0;0;0
Aranjuez;28025-28041-28054;2017;9;5;Madrid;33.7 (18:00);16.8 (08:30);25.3;23 (17:20);12 (10:40);0;0;0;0;0
Rascafría;28034-28035-28040;2017;9;5;Madrid;29.5 (16:10);8.0 (07:40);18.8;21 (17:50);7 (15:20);0;0;0;0;0
Buitrago del Lozoya;28003-28045-28044;2017;9;5;Madrid;29.5 (18:40);9.9 (08:10);19.7;18 (15:40);9 (14:20);0;0;0;0;0
Somosierra;28020-28021-28024;2017;9;5;Madrid;26.0 (16:40);11.7 (07:40);18.8;24 (15:00);9 (11:50);0;0;0;0;0
Madrid. El Goloso;28029-28036-28046;2017;9;5;Madrid;29.3 (18:00);15.5 (06:40);22.4;20 (17:30);8 (14:30);0;0;0;0;0
Madrid Aeropuerto;28055-28050-28033;2017;9;5;Madrid;31.7 (17:50);16.0 (07:50);23.9;28 (15:00);13 (19:10);0;0;0;0;0
Alcala de Henares;28022-28027-28037;2017;9;5;Madrid;0;0;0;0;0;0;0;0;0;
Arganda del Rey;28051-28031-28052;2017;9;5;Madrid;33.4 (18:10);17.2 (08:00);25.3;19 (14:10);11 (17:10);0;0;0;0;0
Colmenar Viejo;28039-28038-28032;2017;9;5;Madrid;28.8 (17:30);15.4 (07:00);22.1;32 (13:50);11 (14:50);0;0;0;0;0
Madrid. Ciudad Universitaria;28011-28013-28005;2017;9;5;Madrid;32.3 (17:30);16.3 (08:10);24.3;23 (15:50);10 (00:30);0;0;0;0;0
Pozuelo de Alarcón;28030-28028-28026;2017;9;5;Madrid;32.5 (18:50);14.1 (06:50);23.3;0;0;0;0;0;0;0
Madrid. Retiro;28001-28004-28009;2017;9;5;Madrid;31.4 (16:10);19.4 (07:20);25.4;19 (00:20);10 (00:20);0;0;0;0;0
Tielmes;28002-28003-28043;2017;9;5;Madrid;31.6 (16:30);15.4 (08:10);23.5;0;0;0;0;0;0;0
Puerto Alto del León;28049-28054-28053;2017;9;5;Madrid;26.4 (18:00);12.7 (07:40);19.5;26 (18:20);15 (03:10);0;0;0;0;0
Alpedrete;28019-28014-28012;2017;9;5;Madrid;31.1 (18:10);14.9 (07:50);23;21 (15:50);9 (17:10);0;0;0;0;0
Torrelodones;28018-28010-28008;2017;9;5;Madrid;31.8 (17:50);16.3 (07:40);24;32 (14:50);12 (00:10);0;0;0;0;0
Rozas de Puerto Real;28017-28007;2017;9;5;Madrid;29.4 (17:40);14.6 (07:50);22;0;0;0;0;0;0;0
Robledo de Chavela;28016-28006;2017;9;5;Madrid;30.8 (17:50);16.9 (05:00);23.8;0;0;0;0;0;0;0
Valdemorillo;28015;2017;9;5;Madrid;30.9 (17:00);16.3 (06:50);23.6;24 (16:30);13 (16:10);0;0;0;0;0
Puerto de Navacerrada;28048-28047-28023;2017;9;6;Madrid;21.6 (17:10);12.1 (23:59);16.9;28 (16:00);13 (20:40);0;0;0;0;0
Aranjuez;28025-28041-28054;2017;9;6;Madrid;34.9 (16:50);17.7 (07:00);26.3;29 (23:00);16 (23:00);0;0;0;0;0
Rascafría;28034-28035-28040;2017;9;6;Madrid;28.6 (14:50);9.1 (07:40);18.9;24 (16:20);10 (16:30);0;0;0;0;0
Buitrago del Lozoya;28003-28045-28044;2017;9;6;Madrid;28.9 (17:30);11.7 (06:20);20.3;45 (17:00);17 (23:30);0;0;0;0;0
Somosierra;28020-28021-28024;2017;9;6;Madrid;25.2 (17:00);12.3 (23:50);18.8;30 (19:30);10 (19:30);0;0;0;0;0
Madrid. El Goloso;28029-28036-28046;2017;9;6;Madrid;30.5 (18:10);17.9 (07:50);24.2;26 (23:00);13 (23:10);0;0;0;0;0
Madrid Aeropuerto;28055-28050-28033;2017;9;6;Madrid;33.4 (17:00);17.6 (08:10);25.5;35 (22:30);22 (21:40);0;0;0;0;0
Alcala de Henares;28022-28027-28037;2017;9;6;Madrid;0;0;0;0;0;0;0;0;0;
Arganda del Rey;28051-28031-28052;2017;9;6;Madrid;34.4 (16:40);18.5 (06:00);26.5;32 (16:30);17 (21:50);0;0;0;0;0
Colmenar Viejo;28039-28038-28032;2017;9;6;Madrid;29.9 (16:10);17.8 (06:30);23.8;44 (23:50);23 (23:59);0;0;0;0;0
Madrid. Ciudad Universitaria;28011-28013-28005;2017;9;6;Madrid;33.5 (18:10);20.2 (02:20);26.9;36 (21:50);18 (22:40);0;0;0;0;0
Pozuelo de Alarcón;28030-28028-28026;2017;9;6;Madrid;33.7 (18:00);16.6 (06:20);25.2;0;0;0;0;0;0;0
Madrid. Retiro;28001-28004-28009;2017;9;6;Madrid;33.3 (15:50);21.3 (08:00);27.3;30 (22:40);15 (21:50);0;0;0;0;0
Tielmes;28002-28003-28043;2017;9;6;Madrid;33.6 (15:50);16.4 (08:10);25;0;0;0;0;0;0;0
Puerto Alto del León;28049-28054-28053;2017;9;6;Madrid;24.6 (16:50);13.6 (23:59);19.1;38 (23:50);26 (23:50);0;0;0;0;0
Alpedrete;28019-28014-28012;2017;9;6;Madrid;31.6 (15:20);17.2 (07:30);24.4;26 (18:20);16 (22:40);0;0;0;0;0
Torrelodones;28018-28010-28008;2017;9;6;Madrid;32.8 (17:10);20.1 (00:40);26.4;28 (03:00);14 (10:00);0;0;0;0;0
Rozas de Puerto Real;28017-28007;2017;9;6;Madrid;30.4 (16:40);16.6 (07:00);23.5;0;0;0;0;0;0;0
Robledo de Chavela;28016-28006;2017;9;6;Madrid;32.2 (18:00);17.5 (07:10);24.9;0;0;0;0;0;0;0
Valdemorillo;28015;2017;9;6;Madrid;30.4 (16:40);16.6 (07:00);23.5;0;19 (19:50);0;0;0;0;0
Puerto de Navacerrada;28048-28047-28023;2017;9;7;Madrid;18.6 (16:30);10.7 (06:30);14.7;27 (16:50);16 (07:30);0;0;0;0;0
Aranjuez;28025-28041-28054;2017;9;7;Madrid;32.5 (17:20);17.4 (08:00);24.9;31 (17:10);14 (19:30);0;0;0;0;0
Rascafría;28034-28035-28040;2017;9;7;Madrid;26.5 (15:10);3.5 (07:50);15;22 (17:50);9 (17:50);0;0;0;0;0
Buitrago del Lozoya;28003-28045-28044;2017;9;7;Madrid;25.6 (17:00);8.4 (08:10);17;32 (15:10);18 (15:20);0;0;0;0;0
Somosierra;28020-28021-28024;2017;9;7;Madrid;22.0 (16:50);8.0 (06:50);15;30 (14:20);10 (11:10);0;0;0;0;0
Madrid. El Goloso;28029-28036-28046;2017;9;7;Madrid;28.2 (18:10);14.4 (08:00);21.3;22 (00:10);9 (01:10);0;0;0;0;0
Madrid Aeropuerto;28055-28050-28033;2017;9;7;Madrid;30.9 (17:20);17.0 (08:20);23.9;32 (21:00);22 (20:50);0;0;0;0;0
Alcala de Henares;28022-28027-28037;2017;9;7;Madrid;0;0;0;0;0;0;0;0;0;
Arganda del Rey;28051-28031-28052;2017;9;7;Madrid;32.5 (17:40);18.1 (08:10);25.3;27 (21:10);17 (21:10);0;0;0;0;0
Colmenar Viejo;28039-28038-28032;2017;9;7;Madrid;28.1 (16:30);14.2 (07:40);21.2;32 (00:10);22 (00:10);0;0;0;0;0
Madrid. Ciudad Universitaria;28011-28013-28005;2017;9;7;Madrid;31.4 (17:00);16.9 (08:10);24.1;33 (01:00);17 (01:30);0;0;0;0;0
Pozuelo de Alarcón;28030-28028-28026;2017;9;7;Madrid;31.4 (17:50);15.8 (23:59);23.6;0;0;0;0;0;0;0
Madrid. Retiro;28001-28004-28009;2017;9;7;Madrid;30.7 (16:50);18.7 (08:00);24.7;31 (00:20);15 (03:30);0;0;0;0;0
Tielmes;28002-28003-28043;2017;9;7;Madrid;31.0 (16:50);17.4 (08:30);24.2;0;0;0;0;0;0;0
Puerto Alto del León;28049-28054-28053;2017;9;7;Madrid;22.7 (16:40);7.3 (06:00);15;35 (15:30);24 (00:10);0;0;0;0;0
Alpedrete;28019-28014-28012;2017;9;7;Madrid;29.2 (17:00);13.3 (08:10);21.3;27 (06:10);14 (19:00);0;0;0;0;0
Torrelodones;28018-28010-28008;2017;9;7;Madrid;30.7 (16:20);14.9 (08:30);22.8;34 (17:20);15 (18:50);0;0;0;0;0
Rozas de Puerto Real;28017-28007;2017;9;7;Madrid;28.0 (16:40);13.7 (08:30);20.8;0;0;0;0;0;0;0
Robledo de Chavela;28016-28006;2017;9;7;Madrid;30.0 (17:20);12.9 (08:20);21.4;0;0;0;0;0;0;0
Valdemorillo;28015;2017;9;7;Madrid;29.2 (17:20);14.9 (08:30);22.1;28 (18:20);17 (21:50);0;0;0;0;0
Puerto de Navacerrada;28048-28047-28023;2017;9;8;Madrid;22.0 (15:10);12.2 (04:40);17.1;31 (18:30);13 (23:40);0;0;0;0;0
Aranjuez;28025-28041-28054;2017;9;8;Madrid;33.1 (17:50);10.6 (07:20);21.8;27 (15:40);15 (18:50);0;0;0;0;0
Rascafría;28034-28035-28040;2017;9;8;Madrid;27.2 (16:20);4.5 (08:10);15.9;23 (17:00);10 (14:30);0;0;0;0;0
Buitrago del Lozoya;28003-28045-28044;2017;9;8;Madrid;28.3 (17:20);5.7 (07:40);17;28 (18:00);15 (18:20);0;0;0;0;0
Somosierra;28020-28021-28024;2017;9;8;Madrid;24.2 (16:10);10.2 (07:30);17.2;27 (16:20);11 (15:20);0;0;0;0;0
Madrid. El Goloso;28029-28036-28046;2017;9;8;Madrid;28.7 (17:20);12.6 (07:10);20.7;24 (13:50);12 (13:50);0;0;0;0;0
Madrid Aeropuerto;28055-28050-28033;2017;9;8;Madrid;31.3 (17:10);11.9 (08:20);21.6;52 (16:30);21 (17:30);0;0;0;0;0
Alcala de Henares;28022-28027-28037;2017;9;8;Madrid;0;0;0;0;0;0;0;0;0;
Arganda del Rey;28051-28031-28052;2017;9;8;Madrid;32.3 (17:40);13.1 (08:00);22.7;30 (18:50);20 (18:30);0;0;0;0;0
Colmenar Viejo;28039-28038-28032;2017;9;8;Madrid;27.9 (16:30);14.6 (07:20);21.3;33 (15:40);15 (16:00);0;0;0;0;0
Madrid. Ciudad Universitaria;28011-28013-28005;2017;9;8;Madrid;32.1 (16:40);11.9 (07:40);22;29 (18:10);13 (15:20);0;0;0;0;0
Pozuelo de Alarcón;28030-28028-28026;2017;9;8;Madrid;31.5 (17:20);10.0 (08:10);20.8;0;0;0;0;0;0;0
Madrid. Retiro;28001-28004-28009;2017;9;8;Madrid;31.3 (16:20);17.4 (08:30);24.3;29 (17:20);10 (15:40);0;0;0;0;0
Tielmes;28002-28003-28043;2017;9;8;Madrid;31.4 (15:50);10.5 (08:40);20.9;0;0;0;0;0;0;0
Puerto Alto del León;28049-28054-28053;2017;9;8;Madrid;24.7 (15:40);13.1 (23:50);18.9;46 (23:59);32 (23:59);0;0;0;0;0
Alpedrete;28019-28014-28012;2017;9;8;Madrid;30.9 (17:40);12.3 (08:10);21.6;29 (17:20);15 (22:30);0;0;0;0;0
Torrelodones;28018-28010-28008;2017;9;8;Madrid;31.0 (16:30);12.7 (05:50);21.8;39 (23:59);21 (23:59);0;0;0;0;0
Rozas de Puerto Real;28017-28007;2017;9;8;Madrid;28.8 (16:40);13.0 (08:20);20.9;0;0;0;0;0;0;0
Robledo de Chavela;28016-28006;2017;9;8;Madrid;30.3 (18:00);12.5 (08:30);21.4;0;0;0;0;0;0;0
Valdemorillo;28015;2017;9;8;Madrid;30.2 (17:00);14.1 (06:40);22.2;35 (17:40);19 (17:10);0;0;0;0;0
Puerto de Navacerrada;28048-28047-28023;2017;9;9;Madrid;13.2 (00:00);4.6 (23:59);8.9;67 (20:20);28 (10:40);0;0;0;0;0
Aranjuez;28025-28041-28054;2017;9;9;Madrid;26.2 (17:10);13.7 (07:10);20;43 (15:00);23 (16:40);0;0;0;0;0
Rascafría;28034-28035-28040;2017;9;9;Madrid;19.3 (17:30);9.0 (00:40);14.1;39 (15:00);14 (17:50);0;0;0;0;0
Buitrago del Lozoya;28003-28045-28044;2017;9;9;Madrid;19.2 (17:30);11.1 (23:59);15.2;45 (11:00);26 (11:00);0;0;0;0;0
Somosierra;28020-28021-28024;2017;9;9;Madrid;16.7 (15:10);6.7 (23:50);11.7;51 (17:40);13 (17:40);0;0;0;0;0
Madrid. El Goloso;28029-28036-28046;2017;9;9;Madrid;22.4 (01:40);14.2 (02:50);18.3;41 (16:00);21 (15:50);0;0;0;0;0
Madrid Aeropuerto;28055-28050-28033;2017;9;9;Madrid;24.7 (16:40);16.3 (04:00);20.5;48 (14:30);37 (17:30);0;0;0;0;0
Alcala de Henares;28022-28027-28037;2017;9;9;Madrid;0;0;0;0;0;0;0;0;0;
Arganda del Rey;28051-28031-28052;2017;9;9;Madrid;26.5 (17:10);13.1 (04:40);19.8;45 (16:40);24 (18:50);0;0;0;0;0
Colmenar Viejo;28039-28038-28032;2017;9;9;Madrid;20.0 (17:00);13.4 (23:59);16.7;45 (17:50);22 (22:40);0;0;0;0;0
Madrid. Ciudad Universitaria;28011-28013-28005;2017;9;9;Madrid;25.3 (14:40);15.0 (23:59);20.1;51 (10:10);27 (10:20);0;0;0;0;0
Pozuelo de Alarcón;28030-28028-28026;2017;9;9;Madrid;23.8 (15:50);15.7 (00:30);19.7;0;0;0;0;0;0;0
Madrid. Retiro;28001-28004-28009;2017;9;9;Madrid;23.9 (16:00);17.7 (23:59);20.8;47 (17:20);21 (15:10);0;0;0;0;0
Tielmes;28002-28003-28043;2017;9;9;Madrid;25.1 (15:10);11.6 (07:20);18.4;0;0;0;0;0;0;0
Puerto Alto del León;28049-28054-28053;2017;9;9;Madrid;15.0 (17:50);7.4 (23:59);11.2;76 (19:50);50 (09:20);0;0;0;0;0
Alpedrete;28019-28014-28012;2017;9;9;Madrid;21.4 (00:00);14.1 (09:50);17.8;59 (06:30);33 (07:10);0;0;0;0;0
Torrelodones;28018-28010-28008;2017;9;9;Madrid;23.4 (00:20);14.8 (23:59);19.1;53 (09:50);26 (09:50);0;0;0;0;0
Rozas de Puerto Real;28017-28007;2017;9;9;Madrid;22.7 (15:50);14.5 (06:40);18.6;0;0;0;0;0;0;0
Robledo de Chavela;28016-28006;2017;9;9;Madrid;24.5 (00:10);16.0 (09:10);20.3;0;0;0;0;0;0;0
Valdemorillo;28015;2017;9;9;Madrid;22.8 (00:30);15.6 (23:59);19.2;53 (09:50);31 (10:00);0;0;0;0;0
Puerto de Navacerrada;28048-28047-28023;2017;9;10;Madrid;11.9 (15:30);1.7 (07:50);6.8;42 (02:30);23 (01:00);0;0;0;0;0
Aranjuez;28025-28041-28054;2017;9;10;Madrid;25.9 (18:10);7.1 (08:00);16.5;26 (19:00);14 (18:50);0;0;0;0;0
Rascafría;28034-28035-28040;2017;9;10;Madrid;20.2 (16:30);8.2 (05:00);14.2;36 (18:40);12 (18:50);0;0;0;0;0
Buitrago del Lozoya;28003-28045-28044;2017;9;10;Madrid;19.7 (18:20);8.7 (02:10);14.2;35 (21:10);20 (14:30);0;0;0;0;0
Somosierra;28020-28021-28024;2017;9;10;Madrid;16.8 (17:50);4.6 (04:50);10.7;31 (11:40);11 (03:20);0;0;0;0;0
Madrid. El Goloso;28029-28036-28046;2017;9;10;Madrid;22.2 (18:30);8.2 (07:40);15.2;24 (15:00);10 (15:00);0;0;0;0;0
Madrid Aeropuerto;28055-28050-28033;2017;9;10;Madrid;24.8 (18:50);10.7 (08:10);17.7;35 (00:10);24 (00:30);0;0;0;0;0
Alcala de Henares;28022-28027-28037;2017;9;10;Madrid;0;0;0;0;0;0;0;0;0;
Arganda del Rey;28051-28031-28052;2017;9;10;Madrid;26.1 (18:10);8.8 (08:00);17.5;27 (17:50);16 (00:30);0;0;0;0;0
Colmenar Viejo;28039-28038-28032;2017;9;10;Madrid;21.5 (17:40);9.3 (08:00);15.4;36 (08:50);21 (08:50);0;0;0;0;0
Madrid. Ciudad Universitaria;28011-28013-28005;2017;9;10;Madrid;25.7 (18:10);8.9 (08:20);17.3;24 (17:50);13 (18:10);0;0;0;0;0
Pozuelo de Alarcón;28030-28028-28026;2017;9;10;Madrid;25.1 (18:40);7.3 (08:10);16.2;0;0;0;0;0;0;0
Madrid. Retiro;28001-28004-28009;2017;9;10;Madrid;24.1 (17:40);12.2 (07:30);18.2;27 (00:40);12 (01:20);0;0;0;0;0
Tielmes;28002-28003-28043;2017;9;10;Madrid;23.7 (16:00);8.3 (08:20);16;0;0;0;0;0;0;0
Puerto Alto del León;28049-28054-28053;2017;9;10;Madrid;15.3 (16:50);2.9 (07:50);9.1;62 (02:20);38 (01:50);0;0;0;0;0
Alpedrete;28019-28014-28012;2017;9;10;Madrid;21.8 (16:40);9.3 (07:50);15.5;43 (01:50);24 (13:10);0;0;0;0;0
Torrelodones;28018-28010-28008;2017;9;10;Madrid;22.9 (16:40);9.4 (08:10);16.1;41 (17:50);20 (17:50);0;0;0;0;0
Rozas de Puerto Real;28017-28007;2017;9;10;Madrid;22.8 (18:50);10.3 (08:10);16.5;0;0;0;0;0;0;0
Robledo de Chavela;28016-28006;2017;9;10;Madrid;22.9 (17:20);10.8 (06:10);16.8;0;0;0;0;0;0;0
Valdemorillo;28015;2017;9;10;Madrid;22.8 (15:40);10.8 (08:00);16.8;47 (03:00);27 (03:00);0;0;0;0;0
Puerto de Navacerrada;28048-28047-28023;2017;9;11;Madrid;17.7 (15:50);7.7 (07:50);12.7;64 (23:10);23 (23:00);0;0;0;0;0
Aranjuez;28025-28041-28054;2017;9;11;Madrid;32.1 (16:30);10.6 (08:00);21.3;33 (15:30);17 (15:30);0;0;0;0;0
Rascafría;28034-28035-28040;2017;9;11;Madrid;24.0 (17:10);10.3 (08:10);17.2;41 (18:40);17 (18:40);0;0;0;0;0
Buitrago del Lozoya;28003-28045-28044;2017;9;11;Madrid;25.0 (18:00);10.6 (08:00);17.8;40 (23:30);19 (12:50);0;0;0;0;0
Somosierra;28020-28021-28024;2017;9;11;Madrid;22.1 (16:10);9.9 (08:10);16;33 (16:50);11 (18:00);0;0;0;0;0
Madrid. El Goloso;28029-28036-28046;2017;9;11;Madrid;28.2 (17:50);10.5 (06:50);19.4;41 (19:40);20 (19:20);0;0;0;0;0
Madrid Aeropuerto;28055-28050-28033;2017;9;11;Madrid;30.6 (16:50);11.0 (08:10);20.8;48 (16:50);34 (18:30);0;0;0;0;0
Alcala de Henares;28022-28027-28037;2017;9;11;Madrid;0;0;0;0;0;0;0;0;0;
Arganda del Rey;28051-28031-28052;2017;9;11;Madrid;32.0 (18:00);11.0 (07:40);21.5;47 (18:00);26 (12:40);0;0;0;0;0
Colmenar Viejo;28039-28038-28032;2017;9;11;Madrid;26.0 (16:30);14.0 (03:50);20;42 (22:40);21 (22:40);0;0;0;0;0
Madrid. Ciudad Universitaria;28011-28013-28005;2017;9;11;Madrid;31.9 (16:10);12.5 (08:20);22.2;44 (17:30);24 (19:30);0;0;0;0;0
Pozuelo de Alarcón;28030-28028-28026;2017;9;11;Madrid;30.6 (18:10);13.8 (02:30);22.2;0;0;0;0;0;0;0
Madrid. Retiro;28001-28004-28009;2017;9;11;Madrid;31.0 (15:40);15.6 (08:00);23.3;39 (19:20);19 (16:40);0;0;0;0;0
Tielmes;28002-28003-28043;2017;9;11;Madrid;30.7 (16:20);9.2 (07:10);20;0;0;0;0;0;0;0
Puerto Alto del León;28049-28054-28053;2017;9;11;Madrid;21.4 (17:00);8.7 (07:20);15;68 (19:00);44 (19:30);0;0;0;0;0
Alpedrete;28019-28014-28012;2017;9;11;Madrid;26.6 (17:10);15.7 (07:10);21.2;49 (11:00);31 (11:30);0;0;0;0;0
Torrelodones;28018-28010-28008;2017;9;11;Madrid;28.8 (16:50);15.3 (00:10);22;46 (09:40);24 (09:50);0;0;0;0;0
Rozas de Puerto Real;28017-28007;2017;9;11;Madrid;28.3 (16:20);13.6 (08:00);20.9;0;0;0;0;0;0;0
Robledo de Chavela;28016-28006;2017;9;11;Madrid;29.4 (17:40);18.0 (06:10);23.7;0;0;0;0;0;0;0
Valdemorillo;28015;2017;9;11;Madrid;28.9 (16:50);15.9 (07:40);22.4;45 (13:50);25 (16:10);0;0;0;0;0
Puerto de Navacerrada;28048-28047-28023;2017;9;12;Madrid;14.9 (15:20);5.7 (08:40);10.3;58 (00:30);22 (01:40);0;0;0;0;0
Aranjuez;28025-28041-28054;2017;9;12;Madrid;29.2 (18:00);14.9 (07:50);22.1;26 (03:20);13 (03:20);0;0;0;0;0
Rascafría;28034-28035-28040;2017;9;12;Madrid;22.2 (16:50);9.2 (23:59);15.7;31 (00:20);11 (00:20);0;0;0;0;0
Buitrago del Lozoya;28003-28045-28044;2017;9;12;Madrid;22.3 (18:10);12.4 (23:50);17.3;37 (16:40);18 (11:50);0;0;0;0;0
Somosierra;28020-28021-28024;2017;9;12;Madrid;19.1 (18:10);8.1 (09:20);13.6;33 (14:40);11 (08:30);0;0;0;0;0
Madrid. El Goloso;28029-28036-28046;2017;9;12;Madrid;25.4 (13:00);15.0 (07:50);20.2;24 (01:40);13 (01:40);0;0;0;0;0
Madrid Aeropuerto;28055-28050-28033;2017;9;12;Madrid;27.5 (16:40);16.1 (08:30);21.8;41 (00:50);29 (00:50);0;0;0;0;
Alcala de Henares;28022-28027-28037;2017;9;12;Madrid;0;0;0;0;0;0;0;0;0;
Arganda del Rey;28051-28031-28052;2017;9;12;Madrid;28.6 (19:10);14.7 (06:50);21.7;32 (01:50);15 (02:10);0;0;0;0;0
Colmenar Viejo;28039-28038-28032;2017;9;12;Madrid;24.4 (17:40);13.7 (08:10);19;32 (15:50);11 (00:10);0;0;0;0;0
Madrid. Ciudad Universitaria;28011-28013-28005;2017;9;12;Madrid;28.3 (18:10);15.6 (07:50);21.9;48 (01:20);28 (01:20);0;0;0;0;0
Pozuelo de Alarcón;28030-28028-28026;2017;9;12;Madrid;28.1 (17:20);17.0 (06:40);22.6;0;0;0;0;0;0;0
Madrid. Retiro;28001-28004-28009;2017;9;12;Madrid;27.1 (15:30);16.8 (07:40);21.9;36 (03:20);15 (03:30);0;0;0;0;0
Tielmes;28002-28003-28043;2017;9;12;Madrid;27.0 (16:50);14.8 (07:00);20.9;0;0;0;0;0;0;0
Puerto Alto del León;28049-28054-28053;2017;9;12;Madrid;18.4 (17:50);7.2 (08:50);12.8;67 (00:10);46 (03:40);0;0;0;0;0
Alpedrete;28019-28014-28012;2017;9;12;Madrid;24.9 (17:40);13.6 (08:30);19.3;35 (02:10);23 (04:10);0;0;0;0;0
Torrelodones;28018-28010-28008;2017;9;12;Madrid;26.4 (15:30);14.3 (09:00);20.3;46 (01:00);21 (01:00);0;0;0;0;0
Rozas de Puerto Real;28017-28007;2017;9;12;Madrid;25.2 (18:00);14.9 (08:20);20.1;0;0;0;0;0;0;0
Robledo de Chavela;28016-28006;2017;9;12;Madrid;25.8 (16:50);15.5 (07:20);20.6;0;0;0;0;0;0;0
Valdemorillo;28015;2017;9;12;Madrid;25.6 (17:00);15.2 (09:10);20.4;38 (02:30);24 (12:40);0;0;0;0;0
Puerto de Navacerrada;28048-28047-28023;2017;9;13;Madrid;22.1 (16:40);10.1 (08:40);16.1;32 (08:40);25 (08:20);0;0;0;0;0
Aranjuez;28025-28041-28054;2017;9;13;Madrid;33.1 (18:00);11.7 (07:10);22.4;19 (19:10);10 (02:40);0;0;0;0;0
Rascafría;28034-28035-28040;2017;9;13;Madrid;28.1 (16:30);6.1 (07:30);17.1;18 (17:30);8 (15:40);0;0;0;0;0
Buitrago del Lozoya;28003-28045-28044;2017;9;13;Madrid;27.4 (17:20);7.3 (07:30);17.3;27 (19:00);13 (19:00);0;0;0;0;0
Somosierra;28020-28021-28024;2017;9;13;Madrid;24.0 (17:50);9.9 (06:50);16.9;25 (12:40);12 (11:10);0;0;0;0;0
Madrid. El Goloso;28029-28036-28046;2017;9;13;Madrid;28.2 (18:50);12.5 (07:00);20.4;32 (16:10);10 (14:00);0;0;0;0;0
Madrid Aeropuerto;28055-28050-28033;2017;9;13;Madrid;31.0 (17:40);12.4 (07:40);21.7;35 (15:10);19 (18:50);0;0;0;0;
Alcala de Henares;28022-28027-28037;2017;9;13;Madrid;0;0;0;0;0;0;0;0;0;
Arganda del Rey;28051-28031-28052;2017;9;13;Madrid;32.4 (17:40);12.2 (07:30);22.3;26 (18:10);15 (15:50);0;0;0;0;0
Colmenar Viejo;28039-28038-28032;2017;9;13;Madrid;27.3 (16:40);14.1 (07:20);20.7;33 (22:40);15 (17:30);0;0;0;0;0
Madrid. Ciudad Universitaria;28011-28013-28005;2017;9;13;Madrid;31.3 (18:10);12.5 (08:20);21.9;31 (18:10);10 (18:00);0;0;0;0;0
Pozuelo de Alarcón;28030-28028-28026;2017;9;13;Madrid;31.3 (18:30);11.2 (08:20);21.2;0;0;0;0;0;0;0
Madrid. Retiro;28001-28004-28009;2017;9;13;Madrid;30.7 (15:30);16.7 (08:10);23.7;25 (18:10);10 (18:10);0;0;0;0;0
Tielmes;28002-28003-28043;2017;9;13;Madrid;31.3 (16:20);11.0 (08:20);21.1;0;0;0;0;0;0;0
Puerto Alto del León;28049-28054-28053;2017;9;13;Madrid;23.0 (18:50);11.6 (06:00);17.3;28 (16:30);18 (23:30);0;0;0;0;0
Alpedrete;28019-28014-28012;2017;9;13;Madrid;29.7 (17:20);12.1 (07:50);20.9;23 (17:40);9 (18:10);0;0;0;0;0
Torrelodones;28018-28010-28008;2017;9;13;Madrid;30.4 (17:40);13.3 (08:10);21.8;33 (16:10);13 (15:20);0;0;0;0;0
Rozas de Puerto Real;28017-28007;2017;9;13;Madrid;28.8 (17:40);13.4 (07:30);21.1;0;0;0;0;0;0;0
Robledo de Chavela;28016-28006;2017;9;13;Madrid;29.8 (18:30);12.9 (08:10);21.3;0;0;0;0;0;0;0
Valdemorillo;28015;2017;9;13;Madrid;29.7 (17:20);14.6 (08:00);22.2;28 (16:30);15 (16:30);0;0;0;0;0
Puerto de Navacerrada;28048-28047-28023;2017;9;14;Madrid;17.6 (15:50);9.9 (08:40);13.8;39 (22:10);20 (22:00);0;0;0;0;0
Aranjuez;28025-28041-28054;2017;9;14;Madrid;31.5 (15:40);12.2 (06:40);21.8;31 (14:40);13 (13:30);0;0;0;0;0
Rascafría;28034-28035-28040;2017;9;14;Madrid;24.3 (17:00);7.6 (06:50);15.9;30 (09:50);13 (14:10);0;0;0;0;0
Buitrago del Lozoya;28003-28045-28044;2017;9;14;Madrid;24.6 (17:10);12.2 (02:30);18.4;34 (14:50);20 (16:10);0;0;0;0;0
Somosierra;28020-28021-28024;2017;9;14;Madrid;21.5 (16:50);10.4 (08:00);15.9;28 (17:50);11 (05:00);0;0;0;0;0
Madrid. El Goloso;28029-28036-28046;2017;9;14;Madrid;27.6 (14:50);14.2 (07:00);20.9;24 (23:50);10 (23:50);0;0;0;0;0
Madrid Aeropuerto;28055-28050-28033;2017;9;14;Madrid;30.3 (15:50);12.8 (08:20);21.5;42 (14:40);23 (17:40);0;0;0;0;
Alcala de Henares;28022-28027-28037;2017;9;14;Madrid;0;0;0;0;0;0;0;0;0;
Arganda del Rey;28051-28031-28052;2017;9;14;Madrid;31.5 (16:20);11.9 (07:10);21.7;34 (16:30);23 (16:10);0;0;0;0;0
Colmenar Viejo;28039-28038-28032;2017;9;14;Madrid;27.3 (16:00);16.1 (07:50);21.7;35 (17:40);19 (17:40);0;0;0;0;0
Madrid. Ciudad Universitaria;28011-28013-28005;2017;9;14;Madrid;32.1 (15:30);14.4 (08:20);23.2;32 (23:00);18 (23:10);0;0;0;0;0
Pozuelo de Alarcón;28030-28028-28026;2017;9;14;Madrid;29.7 (15:20);16.4 (03:00);23.1;0;0;0;0;0;0;0
Madrid. Retiro;28001-28004-28009;2017;9;14;Madrid;30.6 (15:20);18.1 (08:10);24.4;31 (23:20);16 (23:50);0;0;0;0;0
Tielmes;28002-28003-28043;2017;9;14;Madrid;30.7 (15:20);11.2 (08:20);21;0;0;0;0;0;0;0
Puerto Alto del León;28049-28054-28053;2017;9;14;Madrid;20.7 (17:30);9.8 (08:00);15.3;55 (11:40);36 (11:30);0;0;0;0;0
Alpedrete;28019-28014-28012;2017;9;14;Madrid;26.6 (17:30);17.2 (23:30);21.9;42 (03:20);25 (10:40);0;0;0;0;0
Torrelodones;28018-28010-28008;2017;9;14;Madrid;28.2 (16:20);17.7 (08:20);23;40 (16:10);22 (11:20);0;0;0;0;0
Rozas de Puerto Real;28017-28007;2017;9;14;Madrid;26.9 (18:10);13.7 (07:50);20.3;0;0;0;0;0;0;0
Robledo de Chavela;28016-28006;2017;9;14;Madrid;27.9 (18:50);19.4 (08:00);23.6;0;0;0;0;0;0;0
Valdemorillo;28015;2017;9;14;Madrid;28.0 (15:50);17.6 (08:10);22.8;37 (15:20);17 (15:10);0;0;0;0;0
Puerto de Navacerrada;28048-28047-28023;2017;9;15;Madrid;12.0 (00:00);4.0 (22:20);8;40 (16:30);21 (00:10);0;0;0;0;0
Aranjuez;28025-28041-28054;2017;9;15;Madrid;24.7 (17:50);13.2 (07:10);19;33 (14:10);19 (15:40);0;0;0;0;0
Rascafría;28034-28035-28040;2017;9;15;Madrid;17.4 (16:20);3.1 (23:59);10.2;33 (13:30);14 (11:40);0;0;0;0;0
Buitrago del Lozoya;28003-28045-28044;2017;9;15;Madrid;17.2 (16:50);9.5 (23:59);13.4;37 (11:40);19 (11:40);0;0;0;0;0
Somosierra;28020-28021-28024;2017;9;15;Madrid;14.6 (17:20);4.6 (23:59);9.6;40 (16:20);12 (11:30);0;0;0;0;0
Madrid. El Goloso;28029-28036-28046;2017;9;15;Madrid;21.5 (15:00);12.7 (08:00);17.1;33 (19:40);15 (19:50);0;0;0;0;0
Madrid Aeropuerto;28055-28050-28033;2017;9;15;Madrid;22.6 (17:20);13.6 (08:10);18.1;45 (09:30);27 (10:40);0;0;0;0;
Alcala de Henares;28022-28027-28037;2017;9;15;Madrid;0;0;0;0;0;0;0;0;0;
Arganda del Rey;28051-28031-28052;2017;9;15;Madrid;23.7 (16:20);14.3 (07:10);19;46 (12:10);25 (10:40);0;0;0;0;0
Colmenar Viejo;28039-28038-28032;2017;9;15;Madrid;19.6 (14:20);11.1 (23:59);15.4;38 (12:30);22 (23:40);0;0;0;0;0
Madrid. Ciudad Universitaria;28011-28013-28005;2017;9;15;Madrid;22.3 (15:30);13.5 (08:20);17.9;48 (10:10);22 (11:30);0;0;0;0;0
Pozuelo de Alarcón;28030-28028-28026;2017;9;15;Madrid;22.9 (16:10);14.0 (07:40);18.4;0;0;0;0;0;0;0
Madrid. Retiro;28001-28004-28009;2017;9;15;Madrid;23.1 (16:00);14.1 (08:30);18.6;43 (10:00);20 (10:00);0;0;0;0;0
Tielmes;28002-28003-28043;2017;9;15;Madrid;22.5 (15:30);13.3 (07:50);17.9;0;0;0;0;0;0;0
Puerto Alto del León;28049-28054-28053;2017;9;15;Madrid;13.2 (15:30);3.2 (09:20);8.2;51 (20:00);33 (09:30);0;0;0;0;0
Alpedrete;28019-28014-28012;2017;9;15;Madrid;19.6 (16:40);10.5 (08:50);15.1;40 (11:50);21 (12:50);0;0;0;0;0
Torrelodones;28018-28010-28008;2017;9;15;Madrid;21.6 (16:00);11.5 (08:20);16.6;36 (17:00);16 (18:40);0;0;0;0;0
Rozas de Puerto Real;28017-28007;2017;9;15;Madrid;18.7 (15:20);9.9 (06:30);14.3;0;0;0;0;0;0;0
Robledo de Chavela;28016-28006;2017;9;15;Madrid;21.8 (00:10);12.1 (08:10);16.9;0;0;0;0;0;0;0
Valdemorillo;28015;2017;9;15;Madrid;20.3 (16:40);12.8 (07:40);16.5;36 (19:30);22 (19:10);0;0;0;0;0
Puerto de Navacerrada;28048-28047-28023;2017;9;16;Madrid;9.3 (16:20);2.0 (08:20);5.7;32 (14:30);15 (15:50);0;0;0;0;0
Aranjuez;28025-28041-28054;2017;9;16;Madrid;23.5 (16:50);9.0 (08:10);16.3;26 (19:20);12 (15:20);0;0;0;0;0
Rascafría;28034-28035-28040;2017;9;16;Madrid;16.8 (17:30);0.2 (04:50);8.5;32 (15:40);11 (16:50);0;0;0;0;0
Buitrago del Lozoya;28003-28045-28044;2017;9;16;Madrid;16.4 (17:10);0.8 (07:50);8.6;34 (14:20);16 (15:40);0;0;0;0;0
Somosierra;28020-28021-28024;2017;9;16;Madrid;14.5 (15:50);1.2 (04:10);7.9;30 (15:50);9 (16:00);0;0;0;0;0
Madrid. El Goloso;28029-28036-28046;2017;9;16;Madrid;19.4 (15:10);7.7 (05:00);13.5;31 (15:10);12 (18:30);0;0;0;0;0
Madrid Aeropuerto;28055-28050-28033;2017;9;16;Madrid;21.6 (16:30);9.3 (08:20);15.5;54 (16:50);27 (16:30);0;0;0;0;
Alcala de Henares;28022-28027-28037;2017;9;16;Madrid;0;0;0;0;0;0;0;0;0;
Arganda del Rey;28051-28031-28052;2017;9;16;Madrid;23.4 (17:30);10.6 (07:50);17;27 (16:00);17 (16:00);0;0;0;0;0
Colmenar Viejo;28039-28038-28032;2017;9;16;Madrid;17.2 (16:00);5.9 (06:20);11.6;30 (01:10);21 (01:10);0;0;0;0;0
Madrid. Ciudad Universitaria;28011-28013-28005;2017;9;16;Madrid;23.0 (16:20);8.8 (07:50);15.9;37 (16:40);17 (01:20);0;0;0;0;0
Pozuelo de Alarcón;28030-28028-28026;2017;9;16;Madrid;21.6 (17:20);9.5 (07:50);15.6;0;0;0;0;0;0;0
Madrid. Retiro;28001-28004-28009;2017;9;16;Madrid;21.2 (16:10);10.7 (08:30);16;28 (17:10);13 (16:50);0;0;0;0;0
Tielmes;28002-28003-28043;2017;9;16;Madrid;21.9 (15:10);9.6 (08:10);15.8;0;0;0;0;0;0;0
Puerto Alto del León;28049-28054-28053;2017;9;16;Madrid;12.2 (15:20);2.4 (07:20);7.3;43 (16:20);26 (16:50);0;0;0;0;0
Alpedrete;28019-28014-28012;2017;9;16;Madrid;18.4 (12:20);6.8 (08:10);12.6;33 (15:20);18 (15:20);0;0;0;0;0
Torrelodones;28018-28010-28008;2017;9;16;Madrid;19.7 (17:10);8.6 (05:50);14.2;42 (17:00);18 (14:50);0;0;0;0;0
Rozas de Puerto Real;28017-28007;2017;9;16;Madrid;17.7 (13:30);6.9 (08:10);12.3;0;0;0;0;0;0;0
Robledo de Chavela;28016-28006;2017;9;16;Madrid;20.6 (15:50);8.1 (08:10);14.4;0;0;0;0;0;0;0
Valdemorillo;28015;2017;9;16;Madrid;19.4 (16:40);8.6 (08:00);14;32 (00:20);16 (17:30);0;0;0;0;0
Puerto de Navacerrada;28048-28047-28023;2017;9;17;Madrid;15.0 (15:00);3.4 (08:20);9.2;27 (23:20);14 (00:50);0;0;0;0;0
Aranjuez;28025-28041-28054;2017;9;17;Madrid;26.5 (17:40);4.5 (08:30);15.5;28 (18:00);14 (19:00);0;0;0;0;0
Rascafría;28034-28035-28040;2017;9;17;Madrid;20.0 (13:20);0.4 (08:10);10.2;30 (13:50);12 (14:10);0;0;0;0;0
Buitrago del Lozoya;28003-28045-28044;2017;9;17;Madrid;20.9 (17:00);0.2 (07:50);10.5;25 (17:20);12 (16:20);0;0;0;0;0
Somosierra;28020-28021-28024;2017;9;17;Madrid;18.3 (15:00);4.3 (00:30);11.3;27 (15:50);10 (15:20);0;0;0;0;0
Madrid. El Goloso;28029-28036-28046;2017;9;17;Madrid;22.2 (17:10);5.9 (08:10);14.1;28 (13:20);11 (14:20);0;0;0;0;0
Madrid Aeropuerto;28055-28050-28033;2017;9;17;Madrid;25.1 (18:00);5.9 (08:10);15.5;55 (16:00);18 (16:10);0;0;0;0;
Alcala de Henares;28022-28027-28037;2017;9;17;Madrid;0;0;0;0;0;0;0;0;0;
Arganda del Rey;28051-28031-28052;2017;9;17;Madrid;25.6 (18:20);5.9 (06:30);15.8;32 (14:30);22 (17:10);0;0;0;0;0
Colmenar Viejo;28039-28038-28032;2017;9;17;Madrid;21.1 (18:00);7.8 (07:10);14.5;34 (14:50);16 (15:20);0;0;0;0;0
Madrid. Ciudad Universitaria;28011-28013-28005;2017;9;17;Madrid;25.8 (17:30);5.8 (08:00);15.8;28 (18:00);14 (18:00);0;0;0;0;0
Pozuelo de Alarcón;28030-28028-28026;2017;9;17;Madrid;24.9 (17:20);3.9 (07:50);14.4;0;0;0;0;0;0;0
Madrid. Retiro;28001-28004-28009;2017;9;17;Madrid;24.3 (15:30);10.7 (07:20);17.5;27 (16:50);10 (18:50);0;0;0;0;0
Tielmes;28002-28003-28043;2017;9;17;Madrid;24.7 (16:30);5.5 (07:50);15.1;0;0;0;0;0;0;0
Puerto Alto del León;28049-28054-28053;2017;9;17;Madrid;16.9 (15:10);3.3 (07:40);10.1;39 (19:30);27 (23:20);0;0;0;0;0
Alpedrete;28019-28014-28012;2017;9;17;Madrid;22.3 (18:30);7.2 (08:10);14.7;27 (18:40);17 (18:40);0;0;0;0;0
Torrelodones;28018-28010-28008;2017;9;17;Madrid;24.4 (16:00);7.1 (05:40);15.7;37 (23:50);20 (23:30);0;0;0;0;0
Rozas de Puerto Real;28017-28007;2017;9;17;Madrid;21.5 (17:30);6.9 (08:10);14.2;0;0;0;0;0;0;0
Robledo de Chavela;28016-28006;2017;9;17;Madrid;24.1 (18:40);7.1 (08:10);15.6;0;0;0;0;0;0;0
Valdemorillo;28015;2017;9;17;Madrid;22.9 (17:00);8.0 (07:30);15.4;30 (14:10);17 (15:40);0;0;0;0;0
Puerto de Navacerrada;28048-28047-28023;2017;9;18;Madrid;10.7 (17:00);3.4 (07:00);7;42 (18:30);26 (22:00);0;0;0;0;0
Aranjuez;28025-28041-28054;2017;9;18;Madrid;25.6 (17:00);6.3 (08:00);16;36 (14:20);19 (15:50);0;0;0;0;0
Rascafría;28034-28035-28040;2017;9;18;Madrid;19.4 (17:40);6.0 (23:50);12.7;32 (11:00);12 (11:00);0;0;0;0;0
Buitrago del Lozoya;28003-28045-28044;2017;9;18;Madrid;19.1 (17:00);7.1 (04:00);13.1;40 (16:40);22 (07:10);0;0;0;0;0
Somosierra;28020-28021-28024;2017;9;18;Madrid;15.8 (17:10);6.0 (08:10);10.9;26 (14:00);9 (06:30);0.5;0;0.4;0.1;0
Madrid. El Goloso;28029-28036-28046;2017;9;18;Madrid;21.7 (13:30);9.6 (06:00);15.7;40 (14:50);15 (18:30);0;0;0;0;0
Madrid Aeropuerto;28055-28050-28033;2017;9;18;Madrid;23.9 (16:00);8.1 (07:40);16;52 (15:40);33 (14:30);0;0;0;0;
Alcala de Henares;28022-28027-28037;2017;9;18;Madrid;0;0;0;0;0;0;0;0;0;
Arganda del Rey;28051-28031-28052;2017;9;18;Madrid;25.7 (17:20);7.1 (07:40);16.4;39 (14:40);23 (14:50);0;0;0;0;0
Colmenar Viejo;28039-28038-28032;2017;9;18;Madrid;20.2 (17:30);10.9 (08:40);15.6;40 (14:10);18 (13:50);0;0;0;0;0
Madrid. Ciudad Universitaria;28011-28013-28005;2017;9;18;Madrid;24.8 (17:10);11.3 (06:30);18;50 (14:10);26 (14:10);0;0;0;0;0
Pozuelo de Alarcón;28030-28028-28026;2017;9;18;Madrid;23.5 (17:20);8.5 (05:00);16;0;0;0;0;0;0;0
Madrid. Retiro;28001-28004-28009;2017;9;18;Madrid;23.5 (14:50);13.3 (06:30);18.4;37 (14:40);17 (15:50);0;0;0;0;0
Tielmes;28002-28003-28043;2017;9;18;Madrid;24.6 (15:20);5.9 (08:00);15.3;0;0;0;0;0;0;0
Puerto Alto del León;28049-28054-28053;2017;9;18;Madrid;14.6 (17:00);3.9 (06:50);9.3;54 (17:30);35 (04:30);0;0;0;0;0
Alpedrete;28019-28014-28012;2017;9;18;Madrid;20.7 (17:30);10.8 (08:10);15.8;42 (10:50);25 (07:20);0;0;0;0;0
Torrelodones;28018-28010-28008;2017;9;18;Madrid;21.7 (16:30);11.6 (08:00);16.7;45 (05:00);23 (04:50);0;0;0;0;0
Rozas de Puerto Real;28017-28007;2017;9;18;Madrid;21.9 (15:20);9.1 (05:40);15.5;0;0;0;0;0;0;0
Robledo de Chavela;28016-28006;2017;9;18;Madrid;22.1 (17:30);13.2 (08:00);17.7;0;0;0;0;0;0;0
Valdemorillo;28015;2017;9;18;Madrid;21.5 (16:40);12.0 (08:40);16.8;40 (12:20);22 (18:40);0;0;0;0;0
Puerto de Navacerrada;28048-28047-28023;2017;9;19;Madrid;15.6 (15:40);5.9 (07:40);10.8;31 (00:30);22 (03:10);0;0;0;0;0
Aranjuez;28025-28041-28054;2017;9;19;Madrid;28.0 (18:20);8.0 (06:40);18;26 (15:10);10 (17:30);0;0;0;0;0
Rascafría;28034-28035-28040;2017;9;19;Madrid;23.2 (17:50);4.5 (05:50);13.9;26 (12:00);10 (13:40);0;0;0;0;0
Buitrago del Lozoya;28003-28045-28044;2017;9;19;Madrid;22.1 (17:30);4.6 (06:50);13.4;28 (14:30);14 (14:40);0;0;0;0;0
Somosierra;28020-28021-28024;2017;9;19;Madrid;18.4 (17:00);5.2 (08:00);11.8;28 (12:10);9 (11:00);0;0;0;0;0
Madrid. El Goloso;28029-28036-28046;2017;9;19;Madrid;24.5 (18:30);9.2 (03:10);16.8;16 (18:30);6 (13:40);0;0;0;0;0
Madrid Aeropuerto;28055-28050-28033;2017;9;19;Madrid;26.4 (18:30);8.5 (08:00);17.4;33 (14:20);13 (17:50);0;0;0;0;
Alcala de Henares;28022-28027-28037;2017;9;19;Madrid;0;0;0;0;0;0;0;0;0;
Arganda del Rey;28051-28031-28052;2017;9;19;Madrid;28.1 (17:40);7.2 (08:10);17.7;24 (15:10);13 (15:10);0;0;0;0;0
Colmenar Viejo;28039-28038-28032;2017;9;19;Madrid;24.3 (18:00);10.7 (07:40);17.5;24 (18:40);15 (18:30);0;0;0;0;0
Madrid. Ciudad Universitaria;28011-28013-28005;2017;9;19;Madrid;28.0 (17:30);8.2 (08:10);18.1;22 (23:20);13 (22:20);0;0;0;0;0
Pozuelo de Alarcón;28030-28028-28026;2017;9;19;Madrid;28.2 (18:10);7.5 (06:20);17.9;0;0;0;0;0;0;0
Madrid. Retiro;28001-28004-28009;2017;9;19;Madrid;25.8 (16:30);13.1 (07:00);19.4;19 (22:20);9 (22:30);0;0;0;0;0
Tielmes;28002-28003-28043;2017;9;19;Madrid;25.9 (15:30);7.4 (07:50);16.6;0;0;0;0;0;0;0
Puerto Alto del León;28049-28054-28053;2017;9;19;Madrid;18.5 (17:40);5.2 (06:20);11.8;54 (20:00);24 (04:20);0;0;0;0;0
Alpedrete;28019-28014-28012;2017;9;19;Madrid;25.7 (17:00);11.3 (06:50);18.5;30 (17:30);18 (17:50);0;0;0;0;0
Torrelodones;28018-28010-28008;2017;9;19;Madrid;26.9 (16:40);10.1 (07:00);18.5;28 (18:20);15 (04:40);0;0;0;0;0
Rozas de Puerto Real;28017-28007;2017;9;19;Madrid;25.1 (17:40);10.8 (08:10);18;0;0;0;0;0;0;0
Robledo de Chavela;28016-28006;2017;9;19;Madrid;26.8 (17:50);11.5 (08:30);19.1;0;0;0;0;0;0;0
Valdemorillo;28015;2017;9;19;Madrid;26.6 (16:20);11.9 (07:50);19.3;25 (18:10);14 (18:00);0;0;0;0;0
Puerto de Navacerrada;28048-28047-28023;2017;9;20;Madrid;20.3 (13:40);9.6 (05:20);14.9;26 (16:20);17 (20:10);0;0;0;0;0
Aranjuez;28025-28041-28054;2017;9;20;Madrid;29.9 (17:10);7.9 (07:10);18.9;19 (15:20);9 (15:20);0;0;0;0;0
Rascafría;28034-28035-28040;2017;9;20;Madrid;26.5 (16:40);1.0 (08:00);13.8;15 (13:40);6 (17:00);0;0;0;0;0
Buitrago del Lozoya;28003-28045-28044;2017;9;20;Madrid;25.4 (17:00);2.7 (07:20);14;31 (15:50);12 (18:40);0;0;0;0;0
Somosierra;28020-28021-28024;2017;9;20;Madrid;23.5 (16:30);7.1 (07:50);15.3;21 (11:20);10 (11:10);0;0;0;0;0
Madrid. El Goloso;28029-28036-28046;2017;9;20;Madrid;25.5 (18:10);10.5 (07:10);18;18 (18:10);9 (23:20);0;0;0;0;0
Madrid Aeropuerto;28055-28050-28033;2017;9;20;Madrid;28.2 (17:30);8.2 (08:20);18.2;32 (16:40);15 (05:30);0;0;0;0;
Alcala de Henares;28022-28027-28037;2017;9;20;Madrid;0;0;0;0;0;0;0;0;0;
Arganda del Rey;28051-28031-28052;2017;9;20;Madrid;29.4 (17:40);8.4 (07:40);18.9;35 (16:50);11 (18:00);0;0;0;0;0
Colmenar Viejo;28039-28038-28032;2017;9;20;Madrid;25.2 (17:40);10.6 (08:00);17.9;38 (12:10);12 (17:40);0;0;0;0;0
Madrid. Ciudad Universitaria;28011-28013-28005;2017;9;20;Madrid;28.6 (17:40);8.3 (07:30);18.5;18 (16:10);9 (02:30);0;0;0;0;0
Pozuelo de Alarcón;28030-28028-28026;2017;9;20;Madrid;28.7 (17:20);7.9 (07:50);18.3;0;0;0;0;0;0;0
Madrid. Retiro;28001-28004-28009;2017;9;20;Madrid;27.6 (15:50);13.2 (08:30);20.4;24 (05:00);12 (04:50);0;0;0;0;0
Tielmes;28002-28003-28043;2017;9;20;Madrid;28.0 (15:30);8.8 (08:40);18.4;0;0;0;0;0;0;0
Puerto Alto del León;28049-28054-28053;2017;9;20;Madrid;20.9 (17:20);10.4 (05:20);15.6;44 (14:30);14 (10:40);0;0;0;0;0
Alpedrete;28019-28014-28012;2017;9;20;Madrid;27.7 (17:40);8.4 (06:20);18.1;18 (14:00);7 (16:30);0;0;0;0;0
Torrelodones;28018-28010-28008;2017;9;20;Madrid;28.4 (17:20);9.9 (06:40);19.1;25 (16:10);11 (23:30);0;0;0;0;0
Rozas de Puerto Real;28017-28007;2017;9;20;Madrid;26.5 (17:10);9.9 (08:10);18.2;0;0;0;0;0;0;0
Robledo de Chavela;28016-28006;2017;9;20;Madrid;27.0 (17:40);9.8 (08:00);18.4;0;0;0;0;0;0;0
Valdemorillo;28015;2017;9;20;Madrid;27.4 (17:00);11.2 (08:20);19.3;21 (16:50);10 (11:00);0;0;0;0;0
Puerto de Navacerrada;28048-28047-28023;2017;9;21;Madrid;20.4 (14:20);10.6 (08:20);15.5;35 (18:00);19 (18:10);0;0;0;0;0
Aranjuez;28025-28041-28054;2017;9;21;Madrid;31.0 (17:00);12.0 (08:20);21.5;21 (07:10);14 (04:00);0;0;0;0;0
Rascafría;28034-28035-28040;2017;9;21;Madrid;26.1 (17:10);3.9 (08:00);15;51 (16:40);14 (16:40);0;0;0;0;0
Buitrago del Lozoya;28003-28045-28044;2017;9;21;Madrid;25.9 (15:30);4.9 (08:10);15.4;29 (16:50);16 (21:20);0;0;0;0;0
Somosierra;28020-28021-28024;2017;9;21;Madrid;22.8 (15:10);10.6 (06:30);16.7;21 (20:50);9 (21:00);0;0;0;0;0
Madrid. El Goloso;28029-28036-28046;2017;9;21;Madrid;27.0 (15:10);12.2 (08:10);19.6;23 (15:10);11 (16:40);0;0;0;0;0
Madrid Aeropuerto;28055-28050-28033;2017;9;21;Madrid;29.4 (16:20);9.8 (08:20);19.6;42 (17:00);17 (22:10);0;0;0;0;
Alcala de Henares;28022-28027-28037;2017;9;21;Madrid;0;0;0;0;0;0;0;0;0;
Arganda del Rey;28051-28031-28052;2017;9;21;Madrid;30.7 (16:40);8.7 (08:10);19.7;26 (16:10);14 (17:20);0;0;0;0;0
Colmenar Viejo;28039-28038-28032;2017;9;21;Madrid;25.9 (16:10);15.0 (06:40);20.4;33 (15:10);15 (15:10);0;0;0;0;0
Madrid. Ciudad Universitaria;28011-28013-28005;2017;9;21;Madrid;29.6 (17:00);10.1 (07:30);19.9;28 (16:10);12 (18:00);0;0;0;0;0
Pozuelo de Alarcón;28030-28028-28026;2017;9;21;Madrid;29.2 (17:10);9.0 (06:00);19.1;0;0;0;0;0;0;0
Madrid. Retiro;28001-28004-28009;2017;9;21;Madrid;29.0 (15:40);15.4 (07:30);22.2;22 (16:00);10 (16:00);0;0;0;0;0
Tielmes;28002-28003-28043;2017;9;21;Madrid;29.4 (16:30);10.1 (08:20);19.8;0;0;0;0;0;0;0
Puerto Alto del León;28049-28054-28053;2017;9;21;Madrid;22.4 (16:00);12.8 (23:40);17.6;34 (20:20);24 (20:40);0;0;0;0;0
Alpedrete;28019-28014-28012;2017;9;21;Madrid;27.5 (16:20);11.2 (08:10);19.3;31 (15:00);15 (21:20);0;0;0;0;0
Torrelodones;28018-28010-28008;2017;9;21;Madrid;29.2 (15:50);12.5 (07:50);20.9;37 (15:50);17 (21:20);0;0;0;0;0
Rozas de Puerto Real;28017-28007;2017;9;21;Madrid;26.6 (16:10);12.3 (08:20);19.5;0;0;0;0;0;0;0
Robledo de Chavela;28016-28006;2017;9;21;Madrid;27.7 (16:20);12.4 (08:10);20.1;0;0;0;0;0;0;0
Valdemorillo;28015;2017;9;21;Madrid;27.8 (15:50);13.3 (08:10);20.5;29 (15:40);16 (16:20);0;0;0;0;0
Puerto de Navacerrada;28048-28047-28023;2017;9;22;Madrid;19.6 (14:30);9.2 (20:10);14.4;44 (19:20);28 (19:20);1.6;0;0;1.6;0
Aranjuez;28025-28041-28054;2017;9;22;Madrid;30.3 (17:50);16.8 (06:20);23.5;45 (23:40);26 (23:50);0;0;0;0;0
Rascafría;28034-28035-28040;2017;9;22;Madrid;22.9 (14:00);5.8 (08:20);14.3;22 (15:30);9 (15:20);4.6;0;0;4.4;0.2
Buitrago del Lozoya;28003-28045-28044;2017;9;22;Madrid;22.8 (14:10);8.2 (08:30);15.5;23 (13:30);11 (13:50);0;0;0;0;0
Somosierra;28020-28021-28024;2017;9;22;Madrid;19.4 (13:20);10.4 (23:50);14.9;26 (13:20);12 (13:30);3.6;0;0;3.6;0
Madrid. El Goloso;28029-28036-28046;2017;9;22;Madrid;25.3 (15:00);14.4 (08:10);19.8;31 (15:50);9 (11:10);1.6;0;0;0;1.6
Madrid Aeropuerto;28055-28050-28033;2017;9;22;Madrid;28.1 (16:10);14.9 (08:10);21.5;30 (19:20);16 (20:10);0;0;0;0;0
Alcala de Henares;28022-28027-28037;2017;9;22;Madrid;0;0;0;0;0;0;0;0;0;
Arganda del Rey;28051-28031-28052;2017;9;22;Madrid;29.4 (16:30);14.3 (07:20);21.8;29 (23:30);16 (19:40);0;0;0;0;0
Colmenar Viejo;28039-28038-28032;2017;9;22;Madrid;24.4 (15:20);14.7 (08:10);19.5;39 (10:30);15 (23:59);0;0;0;0;0
Madrid. Ciudad Universitaria;28011-28013-28005;2017;9;22;Madrid;26.9 (15:20);16.0 (07:40);21.4;41 (19:20);17 (20:00);0;0;0;0;0
Pozuelo de Alarcón;28030-28028-28026;2017;9;22;Madrid;26.9 (15:40);13.5 (08:30);20.2;0;0;0;0;0;0;0
Madrid. Retiro;28001-28004-28009;2017;9;22;Madrid;27.2 (15:30);18.0 (07:30);22.6;33 (20:20);15 (20:20);0;0;0;0;0
Tielmes;28002-28003-28043;2017;9;22;Madrid;27.5 (16:20);14.7 (09:00);21.1;0;0;0;0;0;0;0
Puerto Alto del León;28049-28054-28053;2017;9;22;Madrid;19.1 (15:20);7.8 (18:00);13.5;31 (19:20);18 (19:30);50.9;0;0;13.9;37
Alpedrete;28019-28014-28012;2017;9;22;Madrid;25.6 (14:30);13.1 (08:20);19.4;24 (18:20);14 (17:20);1.2;0;0;0;1.2
Torrelodones;28018-28010-28008;2017;9;22;Madrid;26.0 (15:20);15.7 (08:10);20.8;29 (12:40);13 (13:00);0.1;0;0;0;0.1
Rozas de Puerto Real;28017-28007;2017;9;22;Madrid;25.7 (18:30);13.8 (07:20);19.8;0;0;0;0;0;0;0
Robledo de Chavela;28016-28006;2017;9;22;Madrid;26.5 (17:10);14.5 (06:30);20.5;0;0;0;0;0;0;0
Valdemorillo;28015;2017;9;22;Madrid;27.4 (16:30);14.7 (08:40);21;45 (19:20);26 (19:10);0;0;0;0;0
Puerto de Navacerrada;28048-28047-28023;2017;9;23;Madrid;19.4 (15:40);7.7 (07:30);13.5;39 (01:00);27 (06:50);0;0;0;0;0
Aranjuez;28025-28041-28054;2017;9;23;Madrid;30.5 (16:50);14.4 (08:30);22.4;48 (00:20);30 (00:10);0;0;0;0;0
Rascafría;28034-28035-28040;2017;9;23;Madrid;25.4 (16:50);4.7 (08:00);15;20 (16:00);10 (16:00);0.2;0;0;0.2;0
Buitrago del Lozoya;28003-28045-28044;2017;9;23;Madrid;24.6 (16:20);7.0 (08:30);15.8;23 (16:20);11 (16:20);0;0;0;0;0
Somosierra;28020-28021-28024;2017;9;23;Madrid;21.9 (16:40);9.9 (07:40);15.9;24 (16:10);14 (02:00);0;0;0;0;0
Madrid. El Goloso;28029-28036-28046;2017;9;23;Madrid;25.6 (17:40);11.0 (06:50);18.3;23 (16:40);9 (19:00);0;0;0;0;0
Madrid Aeropuerto;28055-28050-28033;2017;9;23;Madrid;28.5 (17:10);12.3 (07:50);20.4;30 (18:10);14 (03:10);0;0;0;0;0
Alcala de Henares;28022-28027-28037;2017;9;23;Madrid;0;0;0;0;0;0;0;0;0;
Arganda del Rey;28051-28031-28052;2017;9;23;Madrid;29.5 (16:50);13.2 (08:20);21.3;31 (00:50);16 (00:50);0;0;0;0;0
Colmenar Viejo;28039-28038-28032;2017;9;23;Madrid;24.9 (17:10);12.9 (07:50);18.9;28 (17:50);18 (00:20);0;0;0;0;0
Madrid. Ciudad Universitaria;28011-28013-28005;2017;9;23;Madrid;28.7 (17:20);13.9 (08:10);21.3;28 (01:20);14 (00:10);0;0;0;0;0
Pozuelo de Alarcón;28030-28028-28026;2017;9;23;Madrid;28.6 (18:00);11.3 (06:50);20;0;0;0;0;0;0;0
Madrid. Retiro;28001-28004-28009;2017;9;23;Madrid;27.3 (16:30);16.0 (08:30);21.6;24 (01:00);10 (01:00);0;0;0;0;0
Tielmes;28002-28003-28043;2017;9;23;Madrid;27.7 (15:30);13.0 (08:10);20.4;0;0;0;0;0;0;0
Puerto Alto del León;28049-28054-28053;2017;9;23;Madrid;19.4 (15:50);8.9 (08:00);14.1;32 (03:50);21 (06:20);0;0;0;0;0
Alpedrete;28019-28014-28012;2017;9;23;Madrid;27.8 (16:20);11.4 (08:10);19.6;18 (15:20);7 (01:30);0;0;0;0;0
Torrelodones;28018-28010-28008;2017;9;23;Madrid;28.3 (17:10);12.4 (07:10);20.3;31 (00:20);14 (00:20);0;0;0;0;0
Rozas de Puerto Real;28017-28007;2017;9;23;Madrid;25.9 (16:20);12.1 (08:00);19;0;0;0;0;0;0;0
Robledo de Chavela;28016-28006;2017;9;23;Madrid;26.9 (17:20);14.8 (08:40);20.8;0;0;0;0;0;0;0
Valdemorillo;28015;2017;9;23;Madrid;27.4 (16:50);13.5 (07:30);20.4;25 (18:50);14 (17:00);0;0;0;0;0
Puerto de Navacerrada;28048-28047-28023;2017;9;24;Madrid;20.5 (16:00);11.1 (02:00);15.8;29 (08:00);18 (07:40);0;0;0;0;0
Aranjuez;28025-28041-28054;2017;9;24;Madrid;31.2 (17:20);13.2 (08:10);22.2;25 (16:00);14 (16:10);0;0;0;0;0
Rascafría;28034-28035-28040;2017;9;24;Madrid;26.7 (17:40);5.9 (07:40);16.3;26 (14:30);10 (12:10);0;0;0;0;0
Buitrago del Lozoya;28003-28045-28044;2017;9;24;Madrid;27.1 (16:00);7.1 (07:40);17.1;35 (14:30);12 (15:30);0;0;0;0;0
Somosierra;28020-28021-28024;2017;9;24;Madrid;24.1 (16:10);10.1 (07:20);17.1;27 (13:30);9 (11:20);0;0;0;0;0
Madrid. El Goloso;28029-28036-28046;2017;9;24;Madrid;27.1 (17:20);11.8 (06:50);19.5;21 (15:50);9 (14:10);0;0;0;0;0
Madrid Aeropuerto;28055-28050-28033;2017;9;24;Madrid;29.6 (16:20);11.5 (08:30);20.6;58 (16:20);22 (17:00);0;0;0;0;0
Alcala de Henares;28022-28027-28037;2017;9;24;Madrid;0;0;0;0;0;0;0;0;0;
Arganda del Rey;28051-28031-28052;2017;9;24;Madrid;30.7 (16:40);10.8 (08:20);20.8;33 (16:40);20 (17:10);0;0;0;0;0
Colmenar Viejo;28039-28038-28032;2017;9;24;Madrid;26.4 (16:30);15.1 (08:20);20.8;31 (15:30);17 (16:40);0;0;0;0;0
Madrid. Ciudad Universitaria;28011-28013-28005;2017;9;24;Madrid;30.4 (16:10);11.7 (08:20);21;49 (15:00);15 (15:00);0;0;0;0;0
Pozuelo de Alarcón;28030-28028-28026;2017;9;24;Madrid;30.0 (17:30);10.3 (08:10);20.2;0;0;0;0;0;0;0
Madrid. Retiro;28001-28004-28009;2017;9;24;Madrid;29.7 (15:40);17.0 (08:00);23.4;30 (15:20);13 (17:20);0;0;0;0;0
Tielmes;28002-28003-28043;2017;9;24;Madrid;29.6 (15:20);11.5 (08:30);20.6;0;0;0;0;0;0;0
Puerto Alto del León;28049-28054-28053;2017;9;24;Madrid;22.4 (17:30);11.6 (05:00);17;25 (23:59);19 (23:40);0;0;0;0;0
Alpedrete;28019-28014-28012;2017;9;24;Madrid;28.4 (17:30);12.8 (08:00);20.6;26 (16:40);12 (17:10);0;0;0;0;0
Torrelodones;28018-28010-28008;2017;9;24;Madrid;29.2 (16:30);14.0 (08:20);21.6;34 (17:40);16 (17:40);0;0;0;0;0
Rozas de Puerto Real;28017-28007;2017;9;24;Madrid;26.5 (16:30);13.9 (07:40);20.2;0;0;0;0;0;0;0
Robledo de Chavela;28016-28006;2017;9;24;Madrid;28.5 (17:20);13.6 (08:20);21.1;0;0;0;0;0;0;0
Valdemorillo;28015;2017;9;24;Madrid;28.7 (16:10);14.6 (08:40);21.7;32 (16:40);17 (18:30);0;0;0;0;0
Puerto de Navacerrada;28048-28047-28023;2017;9;25;Madrid;15.9 (13:30);6.7 (07:30);11.3;31 (15:00);15 (20:20);0;0;0;0;0
Aranjuez;28025-28041-28054;2017;9;25;Madrid;29.1 (16:00);9.9 (08:10);19.5;34 (14:50);17 (15:50);0;0;0;0;0
Rascafría;28034-28035-28040;2017;9;25;Madrid;22.5 (14:00);7.3 (23:59);14.9;37 (12:10);17 (12:10);0;0;0;0;0
Buitrago del Lozoya;28003-28045-28044;2017;9;25;Madrid;22.2 (14:20);11.2 (04:20);16.7;39 (15:40);21 (15:20);0;0;0;0;0
Somosierra;28020-28021-28024;2017;9;25;Madrid;18.8 (17:30);10.6 (21:50);14.7;35 (16:30);17 (07:10);0;0;0;0;0
Madrid. El Goloso;28029-28036-28046;2017;9;25;Madrid;25.7 (16:20);12.4 (06:40);19.1;26 (16:20);9 (15:50);0;0;0;0;0
Madrid Aeropuerto;28055-28050-28033;2017;9;25;Madrid;28.5 (16:50);11.8 (08:20);20.2;37 (17:40);24 (18:00);0;0;0;0;0
Alcala de Henares;28022-28027-28037;2017;9;25;Madrid;0;0;0;0;0;0;0;0;0;
Arganda del Rey;28051-28031-28052;2017;9;25;Madrid;29.0 (17:10);11.6 (07:10);20.3;38 (16:20);22 (17:10);0;0;0;0;0
Colmenar Viejo;28039-28038-28032;2017;9;25;Madrid;25.4 (17:10);14.1 (08:20);19.8;36 (17:20);14 (17:30);0;0;0;0;0
Madrid. Ciudad Universitaria;28011-28013-28005;2017;9;25;Madrid;29.1 (15:50);12.9 (08:20);21;37 (23:59);19 (16:40);0;0;0;0;0
Pozuelo de Alarcón;28030-28028-28026;2017;9;25;Madrid;28.0 (15:50);11.6 (07:50);19.8;0;0;0;0;0;0;0
Madrid. Retiro;28001-28004-28009;2017;9;25;Madrid;28.1 (15:40);15.8 (08:00);22;40 (15:00);14 (17:40);0;0;0;0;0
Tielmes;28002-28003-28043;2017;9;25;Madrid;28.0 (15:20);10.1 (08:40);19.1;0;0;0;0;0;0;0
Puerto Alto del León;28049-28054-28053;2017;9;25;Madrid;16.6 (15:30);9.1 (06:50);12.9;50 (16:50);30 (18:20);0;0;0;0;0
Alpedrete;28019-28014-28012;2017;9;25;Madrid;23.5 (17:20);14.8 (23:50);19.2;42 (16:00);24 (14:30);0;0;0;0;0
Torrelodones;28018-28010-28008;2017;9;25;Madrid;25.5 (14:00);15.7 (08:40);20.6;48 (15:40);22 (05:20);0;0;0;0;0
Rozas de Puerto Real;28017-28007;2017;9;25;Madrid;24.7 (15:00);11.3 (08:00);18;0;0;0;0;0;0;0
Robledo de Chavela;28016-28006;2017;9;25;Madrid;24.9 (16:20);16.6 (08:40);20.8;0;0;0;0;0;0;0
Valdemorillo;28015;2017;9;25;Madrid;26.0 (14:40);16.1 (08:50);21.1;39 (14:20);19 (15:10);0;0;0;0;0
Puerto de Navacerrada;28048-28047-28023;2017;9;26;Madrid;17.7 (16:10);6.8 (08:00);12.3;25 (00:40);16 (00:50);0;0;0;0;0
Aranjuez;28025-28041-28054;2017;9;26;Madrid;27.4 (17:50);9.4 (08:10);18.4;18 (14:10);8 (01:10);0;0;0;0;0
Rascafría;28034-28035-28040;2017;9;26;Madrid;24.7 (17:30);2.8 (08:20);13.8;15 (15:00);6 (12:20);0;0;0;0;0
Buitrago del Lozoya;28003-28045-28044;2017;9;26;Madrid;24.0 (17:00);3.3 (08:20);13.6;19 (16:00);9 (16:10);0;0;0;0;0
Somosierra;28020-28021-28024;2017;9;26;Madrid;20.2 (17:20);6.4 (07:10);13.3;22 (12:10);7 (11:40);0.1;0.1;0;0;0
Madrid. El Goloso;28029-28036-28046;2017;9;26;Madrid;23.4 (18:20);11.9 (08:40);17.6;23 (10:50);9 (02:00);0;0;0;0;0
Madrid Aeropuerto;28055-28050-28033;2017;9;26;Madrid;26.6 (17:30);12.3 (08:10);19.5;32 (00:40);17 (03:10);0;0;0;0;0
Alcala de Henares;28022-28027-28037;2017;9;26;Madrid;0;0;0;0;0;0;0;0;0;
Arganda del Rey;28051-28031-28052;2017;9;26;Madrid;27.3 (16:20);13.4 (08:20);20.3;31 (04:30);17 (04:50);0;0;0;0;0
Colmenar Viejo;28039-28038-28032;2017;9;26;Madrid;23.5 (17:20);10.7 (04:30);17.1;30 (00:10);18 (00:20);0;0;0;0;0
Madrid. Ciudad Universitaria;28011-28013-28005;2017;9;26;Madrid;26.3 (17:30);12.9 (08:30);19.6;36 (00:30);19 (01:20);0;0;0;0;0
Pozuelo de Alarcón;28030-28028-28026;2017;9;26;Madrid;27.0 (17:40);11.9 (07:50);19.4;0;0;0;0;0;0;0
Madrid. Retiro;28001-28004-28009;2017;9;26;Madrid;25.1 (15:20);14.5 (08:40);19.8;31 (00:40);14 (06:00);0;0;0;0;0
Tielmes;28002-28003-28043;2017;9;26;Madrid;25.5 (16:30);12.4 (08:20);18.9;0;0;0;0;0;0;0
Puerto Alto del León;28049-28054-28053;2017;9;26;Madrid;19.9 (17:00);8.1 (02:40);14;18 (17:20);10 (17:20);0;0;0;0;0
Alpedrete;28019-28014-28012;2017;9;26;Madrid;26.0 (17:00);10.0 (05:50);18;17 (17:10);8 (13:30);0;0;0;0;0
Torrelodones;28018-28010-28008;2017;9;26;Madrid;26.3 (16:50);11.6 (03:40);18.9;30 (01:10);12 (01:10);0;0;0;0;0
Rozas de Puerto Real;28017-28007;2017;9;26;Madrid;24.1 (17:40);9.9 (07:10);17;0;0;0;0;0;0;0
Robledo de Chavela;28016-28006;2017;9;26;Madrid;24.9 (17:30);10.6 (07:20);17.8;0;0;0;0;0;0;0
Valdemorillo;28015;2017;9;26;Madrid;25.4 (16:30);11.1 (07:50);18.3;23 (12:10);13 (10:00);0;0;0;0;0
Puerto de Navacerrada;28048-28047-28023;2017;9;27;Madrid;19.4 (14:40);8.3 (05:30);13.8;30 (05:10);20 (05:10);0;0;0;0;0
Aranjuez;28025-28041-28054;2017;9;27;Madrid;28.7 (15:20);12.7 (00:20);20.7;23 (01:20);12 (01:20);0;0;0;0;0
Rascafría;28034-28035-28040;2017;9;27;Madrid;25.1 (16:20);3.4 (08:20);14.3;18 (18:00);6 (14:10);0;0;0;0;0
Buitrago del Lozoya;28003-28045-28044;2017;9;27;Madrid;23.9 (16:40);4.7 (06:20);14.3;23 (14:50);12 (16:20);0;0;0;0;0
Somosierra;28020-28021-28024;2017;9;27;Madrid;22.2 (16:50);7.7 (07:00);15;23 (13:50);12 (20:20);0;0;0;0;0
Madrid. El Goloso;28029-28036-28046;2017;9;27;Madrid;24.5 (16:30);11.3 (04:40);17.9;20 (17:20);9 (16:40);0;0;0;0;0
Madrid Aeropuerto;28055-28050-28033;2017;9;27;Madrid;27.2 (17:20);11.0 (08:20);19.1;30 (18:10);16 (06:10);0;0;0;0;0
Alcala de Henares;28022-28027-28037;2017;9;27;Madrid;0;0;0;0;0;0;0;0;0;
Arganda del Rey;28051-28031-28052;2017;9;27;Madrid;28.0 (18:10);13.1 (08:20);20.6;20 (04:40);12 (16:00);0;0;0;0;0
Colmenar Viejo;28039-28038-28032;2017;9;27;Madrid;23.1 (15:50);12.3 (08:10);17.7;33 (21:10);12 (03:50);0;0;0;0;0
Madrid. Ciudad Universitaria;28011-28013-28005;2017;9;27;Madrid;27.6 (17:10);11.5 (06:00);19.6;27 (02:50);12 (10:20);0;0;0;0;0
Pozuelo de Alarcón;28030-28028-28026;2017;9;27;Madrid;26.7 (17:00);9.1 (04:40);17.9;0;0;0;0;0;0;0
Madrid. Retiro;28001-28004-28009;2017;9;27;Madrid;25.4 (17:50);15.2 (06:20);20.3;22 (08:50);10 (08:50);0;0;0;0;0
Tielmes;28002-28003-28043;2017;9;27;Madrid;27.2 (16:20);10.6 (08:30);18.9;0;0;0;0;0;0;0
Puerto Alto del León;28049-28054-28053;2017;9;27;Madrid;19.2 (15:50);8.9 (05:30);14.1;24 (14:20);14 (05:50);0;0;0;0;0
Alpedrete;28019-28014-28012;2017;9;27;Madrid;25.7 (15:40);9.7 (08:00);17.7;20 (15:20);8 (14:10);0;0;0;0;0
Torrelodones;28018-28010-28008;2017;9;27;Madrid;26.5 (15:20);11.1 (07:40);18.8;23 (16:10);11 (02:10);0;0;0;0;0
Rozas de Puerto Real;28017-28007;2017;9;27;Madrid;23.6 (17:50);10.4 (06:40);17;0;0;0;0;0;0;0
Robledo de Chavela;28016-28006;2017;9;27;Madrid;24.8 (18:50);11.5 (03:50);18.1;0;0;0;0;0;0;0
Valdemorillo;28015;2017;9;27;Madrid;25.3 (17:00);12.6 (08:30);18.9;23 (16:10);11 (15:20);0;0;0;0;0
Puerto de Navacerrada;28048-28047-28023;2017;9;28;Madrid;19.4 (14:30);10.2 (07:30);14.8;32 (15:00);17 (15:00);0;0;0;0;0
Aranjuez;28025-28041-28054;2017;9;28;Madrid;30.6 (17:30);10.7 (08:10);20.7;20 (03:30);14 (03:10);0;0;0;0;0
Rascafría;28034-28035-28040;2017;9;28;Madrid;26.4 (16:40);4.1 (08:10);15.2;15 (15:30);7 (14:30);0;0;0;0;0
Buitrago del Lozoya;28003-28045-28044;2017;9;28;Madrid;25.4 (16:00);5.7 (08:10);15.5;23 (15:40);11 (18:20);0;0;0;0;0
Somosierra;28020-28021-28024;2017;9;28;Madrid;22.8 (16:30);9.7 (08:40);16.2;24 (13:00);12 (12:20);0;0;0;0;0
Madrid. El Goloso;28029-28036-28046;2017;9;28;Madrid;25.8 (15:10);11.2 (06:50);18.5;20 (16:10);9 (16:10);0;0;0;0;0
Madrid Aeropuerto;28055-28050-28033;2017;9;28;Madrid;28.7 (17:20);10.7 (08:10);19.7;33 (16:20);13 (17:00);0;0;0;0;0
Alcala de Henares;28022-28027-28037;2017;9;28;Madrid;0;0;0;0;0;0;0;0;0;
Arganda del Rey;28051-28031-28052;2017;9;28;Madrid;29.8 (17:30);10.2 (07:10);20;18 (16:00);11 (15:50);0;0;0;0;0
Colmenar Viejo;28039-28038-28032;2017;9;28;Madrid;25.2 (17:10);13.4 (08:10);19.3;24 (14:00);13 (18:10);0;0;0;0;0
Madrid. Ciudad Universitaria;28011-28013-28005;2017;9;28;Madrid;28.8 (17:50);10.1 (08:00);19.4;19 (16:30);9 (17:40);0;0;0;0;0
Pozuelo de Alarcón;28030-28028-28026;2017;9;28;Madrid;29.0 (18:00);8.8 (06:00);18.9;0;0;0;0;0;0;0
Madrid. Retiro;28001-28004-28009;2017;9;28;Madrid;28.0 (15:20);15.3 (07:40);21.7;15 (09:00);8 (10:40);0;0;0;0;0
Tielmes;28002-28003-28043;2017;9;28;Madrid;28.1 (15:40);10.2 (09:00);19.2;0;0;0;0;0;0;0
Puerto Alto del León;28049-28054-28053;2017;9;28;Madrid;20.1 (16:30);11.0 (08:00);15.6;27 (13:50);15 (12:40);0;0;0;0;0
Alpedrete;28019-28014-28012;2017;9;28;Madrid;28.0 (17:40);10.7 (07:40);19.3;18 (15:40);8 (13:30);0;0;0;0;0
Torrelodones;28018-28010-28008;2017;9;28;Madrid;28.0 (16:00);11.5 (08:30);19.8;25 (16:20);11 (15:10);0;0;0;0;0
Rozas de Puerto Real;28017-28007;2017;9;28;Madrid;26.2 (17:10);11.0 (08:00);18.6;0;0;0;0;0;0;0
Robledo de Chavela;28016-28006;2017;9;28;Madrid;26.8 (17:30);11.8 (06:30);19.3;0;0;0;0;0;0;0
Valdemorillo;28015;2017;9;28;Madrid;27.5 (17:10);12.0 (08:10);19.8;18 (16:50);10 (15:10);0;0;0;0;0
Puerto de Navacerrada;28048-28047-28023;2017;9;29;Madrid;18.4 (17:20);11.1 (06:10);14.8;20 (13:00);10 (02:10);0;0;0;0;0
Aranjuez;28025-28041-28054;2017;9;29;Madrid;30.9 (18:00);12.9 (08:20);21.9;30 (14:30);14 (10:40);0;0;0;0;0
Rascafría;28034-28035-28040;2017;9;29;Madrid;24.9 (14:20);5.6 (07:20);15.2;19 (14:40);6 (14:20);0;0;0;0;0
Buitrago del Lozoya;28003-28045-28044;2017;9;29;Madrid;26.6 (17:00);6.7 (07:20);16.7;22 (16:00);11 (14:30);0;0;0;0;0
Somosierra;28020-28021-28024;2017;9;29;Madrid;23.0 (14:20);10.1 (07:20);16.6;20 (16:40);8 (04:40);0;0;0;0;0
Madrid. El Goloso;28029-28036-28046;2017;9;29;Madrid;26.7 (16:50);12.7 (08:00);19.7;21 (17:10);11 (16:50);0;0;0;0;0
Madrid Aeropuerto;28055-28050-28033;2017;9;29;Madrid;29.4 (17:40);12.3 (08:00);20.8;26 (16:10);13 (17:10);0;0;0;0;0
Alcala de Henares;28022-28027-28037;2017;9;29;Madrid;0;0;0;0;0;0;0;0;0;
Arganda del Rey;28051-28031-28052;2017;9;29;Madrid;30.6 (17:00);14.4 (07:50);22.5;19 (14:40);13 (14:40);0;0;0;0;0
Colmenar Viejo;28039-28038-28032;2017;9;29;Madrid;25.9 (15:40);14.0 (07:20);19.9;27 (13:10);12 (02:40);0;0;0;0;0
Madrid. Ciudad Universitaria;28011-28013-28005;2017;9;29;Madrid;29.1 (17:30);13.3 (08:40);21.2;22 (18:00);10 (06:30);0;0;0;0;0
Pozuelo de Alarcón;28030-28028-28026;2017;9;29;Madrid;29.7 (17:50);11.1 (08:10);20.4;0;0;0;0;0;0;0
Madrid. Retiro;28001-28004-28009;2017;9;29;Madrid;28.2 (15:40);17.2 (08:00);22.7;20 (16:20);9 (06:20);0;0;0;0;0
Tielmes;28002-28003-28043;2017;9;29;Madrid;28.9 (16:20);12.2 (08:50);20.5;0;0;0;0;0;0;0
Puerto Alto del León;28049-28054-28053;2017;9;29;Madrid;22.4 (15:10);12.1 (05:30);17.3;17 (05:00);10 (06:10);0;0;0;0;0
Alpedrete;28019-28014-28012;2017;9;29;Madrid;27.7 (17:10);12.0 (07:30);19.9;19 (14:30);8 (14:40);0;0;0;0;0
Torrelodones;28018-28010-28008;2017;9;29;Madrid;29.2 (16:20);14.1 (05:10);21.7;25 (16:30);10 (16:40);0;0;0;0;0
Rozas de Puerto Real;28017-28007;2017;9;29;Madrid;27.0 (16:30);13.6 (05:00);20.3;0;0;0;0;0;0;0
Robledo de Chavela;28016-28006;2017;9;29;Madrid;28.0 (17:20);14.6 (08:00);21.3;0;0;0;0;0;0;0
Valdemorillo;28015;2017;9;29;Madrid;28.3 (16:20);13.7 (08:40);21;23 (02:40);12 (15:40);0;0;0;0;0
Puerto de Navacerrada;28048-28047-28023;2017;9;30;Madrid;17.9 (14:10);10.5 (23:59);14.2;35 (11:30);17 (22:10);0;0;0;0;0
Aranjuez;28025-28041-28054;2017;9;30;Madrid;30.4 (16:30);14.6 (08:20);22.5;32 (17:10);17 (16:50);0;0;0;0;0
Rascafría;28034-28035-28040;2017;9;30;Madrid;23.7 (16:40);9.3 (03:40);16.5;25 (16:00);11 (14:30);0;0;0;0;0
Buitrago del Lozoya;28003-28045-28044;2017;9;30;Madrid;25.4 (16:10);10.3 (03:50);17.8;31 (17:00);17 (17:30);0;0;0;0;0
Somosierra;28020-28021-28024;2017;9;30;Madrid;20.8 (17:20);12.4 (22:30);16.6;21 (13:10);7 (16:20);0;0;0;0;0
Madrid. El Goloso;28029-28036-28046;2017;9;30;Madrid;26.2 (16:20);14.0 (04:40);20.1;22 (16:40);11 (19:10);0;0;0;0;0
Madrid Aeropuerto;28055-28050-28033;2017;9;30;Madrid;29.1 (17:40);14.4 (07:30);21.8;32 (15:50);20 (20:00);0;0;0;0;0
Alcala de Henares;28022-28027-28037;2017;9;30;Madrid;0;0;0;0;0;0;0;0;0;
Arganda del Rey;28051-28031-28052;2017;9;30;Madrid;29.7 (16:00);12.8 (07:10);21.3;31 (16:20);22 (16:10);0;0;0;0;0
Colmenar Viejo;28039-28038-28032;2017;9;30;Madrid;25.2 (17:50);15.9 (09:00);20.6;33 (17:00);15 (17:40);0;0;0;0;0
Madrid. Ciudad Universitaria;28011-28013-28005;2017;9;30;Madrid;29.8 (16:10);14.2 (07:40);22;27 (15:50);15 (16:00);0;0;0;0;0
Pozuelo de Alarcón;28030-28028-28026;2017;9;30;Madrid;28.8 (17:30);13.0 (07:10);20.9;0;0;0;0;0;0;0
Madrid. Retiro;28001-28004-28009;2017;9;30;Madrid;27.9 (17:40);17.2 (08:20);22.6;24 (15:50);10 (16:20);0;0;0;0;0
Tielmes;28002-28003-28043;2017;9;30;Madrid;28.3 (16:30);12.5 (07:40);20.4;0;0;0;0;0;0;0
Puerto Alto del León;28049-28054-28053;2017;9;30;Madrid;19.6 (14:50);11.0 (06:20);15.3;40 (18:10);23 (23:30);0;0;0;0;0
Alpedrete;28019-28014-28012;2017;9;30;Madrid;27.9 (14:50);16.3 (08:30);22.1;31 (17:30);17 (17:30);0;0;0;0;0
Torrelodones;28018-28010-28008;2017;9;30;Madrid;27.5 (17:00);15.9 (08:40);21.7;32 (18:30);17 (18:00);0;0;0;0;0
Rozas de Puerto Real;28017-28007;2017;9;30;Madrid;26.3 (16:30);15.4 (06:40);20.8;0;0;0;0;0;0;0
Robledo de Chavela;28016-28006;2017;9;30;Madrid;27.6 (17:00);16.4 (09:00);22;0;0;0;0;0;0;0
Valdemorillo;28015;2017;9;30;Madrid;27.6 (16:20);16.7 (08:40);22.2;35 (20:10);19 (23:59);0;0;0;0;0
